-- =============================================================================
-- SkillSwap Diverse University Seed Data (Reduced, Regenerated)
-- Generated: 2026-06-11
-- Database: skillswap_db @ PostgreSQL
-- Default password for all accounts: SkillSwap2026!
-- Admin marker: platform.diverse.seed@skillswap.ps
-- =============================================================================

BEGIN;

TRUNCATE TABLE
  company_activity_logs, company_follows, company_member_notification_preferences, company_members, company_profiles,
  company_request_recommendation_runs, company_request_recommendations, company_request_roles, company_request_skills,
  company_request_team_recommendation_members, company_request_team_recommendation_runs, company_request_team_recommendations,
  company_requests, company_saved_student_recommendations, company_saved_team_recommendations, company_talent_requests,
  conversation_users, conversations, course_project_sections, course_projects, course_sections, course_team_invitations,
  course_team_members, course_team_messages, course_teams, courses, doctor_posts, doctor_profiles, feed_post_comments,
  feed_post_engagements, graduation_project_members, graduation_project_milestones, graduation_projects, messages,
  organization_follows, password_reset_codes, password_reset_tokens, project_invitations, recommendation_semantic_embeddings,
  section_chat_messages, section_enrollments, skills, student_association_profiles,
  student_organization_event_registration_answers, student_organization_event_registration_fields,
  student_organization_event_registration_forms, student_organization_event_registrations, student_organization_events,
  student_organization_members, student_organization_recruitment_applicant_analyses,
  student_organization_recruitment_application_answers, student_organization_recruitment_applications,
  student_organization_recruitment_campaigns, student_organization_recruitment_positions,
  student_organization_recruitment_questions, student_organization_team_members, student_posts, student_profiles,
  student_skills, supervisor_cancellation_requests, supervisor_requests, user_notifications, users
RESTART IDENTITY CASCADE;

SET client_encoding = 'UTF8';
SET standard_conforming_strings = on;

-- users
INSERT INTO public.users (id, name, email, password, role, created_at, must_change_password) VALUES (1, 'SkillSwap Diverse Seed', 'platform.diverse.seed@skillswap.ps', '$2a$11$vYHr3KGO8b1KY7175tUem.vOq1y8LY5finldnijnsBORLNocu0DRq', 'admin', '2026-06-11 12:00:00+03', false);
INSERT INTO public.users (id, name, email, password, role, created_at, must_change_password) VALUES (2, 'Mohammad Hammad', 'mohammad.hammad1@gmail.com', '$2a$11$zNKLeu7rDBuWEuc.f2Rv3.q.qs42vcw/2jh60.MrYsshXfI4uEJNe', 'student', '2026-06-11 12:00:00+03', false);
INSERT INTO public.users (id, name, email, password, role, created_at, must_change_password) VALUES (3, 'Khaled Hijazi', 'khaled.hijazi2@gmail.com', '$2a$11$zNKLeu7rDBuWEuc.f2Rv3.q.qs42vcw/2jh60.MrYsshXfI4uEJNe', 'student', '2026-06-11 12:00:00+03', false);
INSERT INTO public.users (id, name, email, password, role, created_at, must_change_password) VALUES (4, 'Nour Mitri', 'nour.mitri3@gmail.com', '$2a$11$zNKLeu7rDBuWEuc.f2Rv3.q.qs42vcw/2jh60.MrYsshXfI4uEJNe', 'student', '2026-06-11 12:00:00+03', false);
INSERT INTO public.users (id, name, email, password, role, created_at, must_change_password) VALUES (5, 'Maya Anton', 'maya.anton4@gmail.com', '$2a$11$zNKLeu7rDBuWEuc.f2Rv3.q.qs42vcw/2jh60.MrYsshXfI4uEJNe', 'student', '2026-06-11 12:00:00+03', false);
INSERT INTO public.users (id, name, email, password, role, created_at, must_change_password) VALUES (6, 'Yasmin Nasser', 'yasmin.nasser5@gmail.com', '$2a$11$zNKLeu7rDBuWEuc.f2Rv3.q.qs42vcw/2jh60.MrYsshXfI4uEJNe', 'student', '2026-06-11 12:00:00+03', false);
INSERT INTO public.users (id, name, email, password, role, created_at, must_change_password) VALUES (7, 'Hanan Asfour', 'hanan.asfour6@gmail.com', '$2a$11$zNKLeu7rDBuWEuc.f2Rv3.q.qs42vcw/2jh60.MrYsshXfI4uEJNe', 'student', '2026-06-11 12:00:00+03', false);
INSERT INTO public.users (id, name, email, password, role, created_at, must_change_password) VALUES (8, 'Tala Sabbah', 'tala.sabbah7@gmail.com', '$2a$11$zNKLeu7rDBuWEuc.f2Rv3.q.qs42vcw/2jh60.MrYsshXfI4uEJNe', 'student', '2026-06-11 12:00:00+03', false);
INSERT INTO public.users (id, name, email, password, role, created_at, must_change_password) VALUES (9, 'Kareem Salem', 'kareem.salem8@gmail.com', '$2a$11$zNKLeu7rDBuWEuc.f2Rv3.q.qs42vcw/2jh60.MrYsshXfI4uEJNe', 'student', '2026-06-11 12:00:00+03', false);
INSERT INTO public.users (id, name, email, password, role, created_at, must_change_password) VALUES (10, 'Husam Yasin', 'husam.yasin9@gmail.com', '$2a$11$zNKLeu7rDBuWEuc.f2Rv3.q.qs42vcw/2jh60.MrYsshXfI4uEJNe', 'student', '2026-06-11 12:00:00+03', false);
INSERT INTO public.users (id, name, email, password, role, created_at, must_change_password) VALUES (11, 'Sami Masri', 'sami.masri10@gmail.com', '$2a$11$zNKLeu7rDBuWEuc.f2Rv3.q.qs42vcw/2jh60.MrYsshXfI4uEJNe', 'student', '2026-06-11 12:00:00+03', false);
INSERT INTO public.users (id, name, email, password, role, created_at, must_change_password) VALUES (12, 'Omar Awad', 'omar.awad11@gmail.com', '$2a$11$zNKLeu7rDBuWEuc.f2Rv3.q.qs42vcw/2jh60.MrYsshXfI4uEJNe', 'student', '2026-06-11 12:00:00+03', false);
INSERT INTO public.users (id, name, email, password, role, created_at, must_change_password) VALUES (13, 'Layla Khoury', 'layla.khoury12@gmail.com', '$2a$11$zNKLeu7rDBuWEuc.f2Rv3.q.qs42vcw/2jh60.MrYsshXfI4uEJNe', 'student', '2026-06-11 12:00:00+03', false);
INSERT INTO public.users (id, name, email, password, role, created_at, must_change_password) VALUES (14, 'Fadi Qasrawi', 'fadi.qasrawi13@gmail.com', '$2a$11$zNKLeu7rDBuWEuc.f2Rv3.q.qs42vcw/2jh60.MrYsshXfI4uEJNe', 'student', '2026-06-11 12:00:00+03', false);
INSERT INTO public.users (id, name, email, password, role, created_at, must_change_password) VALUES (15, 'Waleed Farah', 'waleed.farah14@gmail.com', '$2a$11$zNKLeu7rDBuWEuc.f2Rv3.q.qs42vcw/2jh60.MrYsshXfI4uEJNe', 'student', '2026-06-11 12:00:00+03', false);
INSERT INTO public.users (id, name, email, password, role, created_at, must_change_password) VALUES (16, 'Ibrahim Mansour', 'ibrahim.mansour15@gmail.com', '$2a$11$zNKLeu7rDBuWEuc.f2Rv3.q.qs42vcw/2jh60.MrYsshXfI4uEJNe', 'student', '2026-06-11 12:00:00+03', false);
INSERT INTO public.users (id, name, email, password, role, created_at, must_change_password) VALUES (17, 'Aya Canawati', 'aya.canawati16@gmail.com', '$2a$11$zNKLeu7rDBuWEuc.f2Rv3.q.qs42vcw/2jh60.MrYsshXfI4uEJNe', 'student', '2026-06-11 12:00:00+03', false);
INSERT INTO public.users (id, name, email, password, role, created_at, must_change_password) VALUES (18, 'Rawan Tamimi', 'rawan.tamimi17@gmail.com', '$2a$11$zNKLeu7rDBuWEuc.f2Rv3.q.qs42vcw/2jh60.MrYsshXfI4uEJNe', 'student', '2026-06-11 12:00:00+03', false);
INSERT INTO public.users (id, name, email, password, role, created_at, must_change_password) VALUES (19, 'Bilal Odeh', 'bilal.odeh18@gmail.com', '$2a$11$zNKLeu7rDBuWEuc.f2Rv3.q.qs42vcw/2jh60.MrYsshXfI4uEJNe', 'student', '2026-06-11 12:00:00+03', false);
INSERT INTO public.users (id, name, email, password, role, created_at, must_change_password) VALUES (20, 'Majd Zayed', 'majd.zayed19@gmail.com', '$2a$11$zNKLeu7rDBuWEuc.f2Rv3.q.qs42vcw/2jh60.MrYsshXfI4uEJNe', 'student', '2026-06-11 12:00:00+03', false);
INSERT INTO public.users (id, name, email, password, role, created_at, must_change_password) VALUES (21, 'Yara Hanania', 'yara.hanania20@gmail.com', '$2a$11$zNKLeu7rDBuWEuc.f2Rv3.q.qs42vcw/2jh60.MrYsshXfI4uEJNe', 'student', '2026-06-11 12:00:00+03', false);
INSERT INTO public.users (id, name, email, password, role, created_at, must_change_password) VALUES (22, 'Reem Haddad', 'reem.haddad21@gmail.com', '$2a$11$zNKLeu7rDBuWEuc.f2Rv3.q.qs42vcw/2jh60.MrYsshXfI4uEJNe', 'student', '2026-06-11 12:00:00+03', false);
INSERT INTO public.users (id, name, email, password, role, created_at, must_change_password) VALUES (23, 'Suhad Darwish', 'suhad.darwish22@gmail.com', '$2a$11$zNKLeu7rDBuWEuc.f2Rv3.q.qs42vcw/2jh60.MrYsshXfI4uEJNe', 'student', '2026-06-11 12:00:00+03', false);
INSERT INTO public.users (id, name, email, password, role, created_at, must_change_password) VALUES (24, 'Jana Sbeih', 'jana.sbeih23@gmail.com', '$2a$11$zNKLeu7rDBuWEuc.f2Rv3.q.qs42vcw/2jh60.MrYsshXfI4uEJNe', 'student', '2026-06-11 12:00:00+03', false);
INSERT INTO public.users (id, name, email, password, role, created_at, must_change_password) VALUES (25, 'Murad Qasem', 'murad.qasem24@gmail.com', '$2a$11$zNKLeu7rDBuWEuc.f2Rv3.q.qs42vcw/2jh60.MrYsshXfI4uEJNe', 'student', '2026-06-11 12:00:00+03', false);
INSERT INTO public.users (id, name, email, password, role, created_at, must_change_password) VALUES (26, 'Bashar Rishmawi', 'bashar.rishmawi25@gmail.com', '$2a$11$zNKLeu7rDBuWEuc.f2Rv3.q.qs42vcw/2jh60.MrYsshXfI4uEJNe', 'student', '2026-06-11 12:00:00+03', false);
INSERT INTO public.users (id, name, email, password, role, created_at, must_change_password) VALUES (27, 'Ahmad Barakat', 'ahmad.barakat26@gmail.com', '$2a$11$zNKLeu7rDBuWEuc.f2Rv3.q.qs42vcw/2jh60.MrYsshXfI4uEJNe', 'student', '2026-06-11 12:00:00+03', false);
INSERT INTO public.users (id, name, email, password, role, created_at, must_change_password) VALUES (28, 'Ziad Khalil', 'ziad.khalil27@gmail.com', '$2a$11$zNKLeu7rDBuWEuc.f2Rv3.q.qs42vcw/2jh60.MrYsshXfI4uEJNe', 'student', '2026-06-11 12:00:00+03', false);
INSERT INTO public.users (id, name, email, password, role, created_at, must_change_password) VALUES (29, 'Lina Tamimi', 'lina.tamimi28@gmail.com', '$2a$11$zNKLeu7rDBuWEuc.f2Rv3.q.qs42vcw/2jh60.MrYsshXfI4uEJNe', 'student', '2026-06-11 12:00:00+03', false);
INSERT INTO public.users (id, name, email, password, role, created_at, must_change_password) VALUES (30, 'Hiba Zaru', 'hiba.zaru29@gmail.com', '$2a$11$zNKLeu7rDBuWEuc.f2Rv3.q.qs42vcw/2jh60.MrYsshXfI4uEJNe', 'student', '2026-06-11 12:00:00+03', false);
INSERT INTO public.users (id, name, email, password, role, created_at, must_change_password) VALUES (31, 'Tamer Qasrawi', 'tamer.qasrawi30@gmail.com', '$2a$11$zNKLeu7rDBuWEuc.f2Rv3.q.qs42vcw/2jh60.MrYsshXfI4uEJNe', 'student', '2026-06-11 12:00:00+03', false);
INSERT INTO public.users (id, name, email, password, role, created_at, must_change_password) VALUES (32, 'Dalia Hosh', 'dalia.hosh31@gmail.com', '$2a$11$zNKLeu7rDBuWEuc.f2Rv3.q.qs42vcw/2jh60.MrYsshXfI4uEJNe', 'student', '2026-06-11 12:00:00+03', false);
INSERT INTO public.users (id, name, email, password, role, created_at, must_change_password) VALUES (33, 'Rami Saleh', 'rami.saleh32@gmail.com', '$2a$11$zNKLeu7rDBuWEuc.f2Rv3.q.qs42vcw/2jh60.MrYsshXfI4uEJNe', 'student', '2026-06-11 12:00:00+03', false);
INSERT INTO public.users (id, name, email, password, role, created_at, must_change_password) VALUES (34, 'Nadia Hijazi', 'nadia.hijazi33@gmail.com', '$2a$11$zNKLeu7rDBuWEuc.f2Rv3.q.qs42vcw/2jh60.MrYsshXfI4uEJNe', 'student', '2026-06-11 12:00:00+03', false);
INSERT INTO public.users (id, name, email, password, role, created_at, must_change_password) VALUES (35, 'Samer Awad', 'samer.awad34@gmail.com', '$2a$11$zNKLeu7rDBuWEuc.f2Rv3.q.qs42vcw/2jh60.MrYsshXfI4uEJNe', 'student', '2026-06-11 12:00:00+03', false);
INSERT INTO public.users (id, name, email, password, role, created_at, must_change_password) VALUES (36, 'Hala Khoury', 'hala.khoury35@gmail.com', '$2a$11$zNKLeu7rDBuWEuc.f2Rv3.q.qs42vcw/2jh60.MrYsshXfI4uEJNe', 'student', '2026-06-11 12:00:00+03', false);
INSERT INTO public.users (id, name, email, password, role, created_at, must_change_password) VALUES (37, 'Yazan Hamad', 'yazan.hamad36@gmail.com', '$2a$11$zNKLeu7rDBuWEuc.f2Rv3.q.qs42vcw/2jh60.MrYsshXfI4uEJNe', 'student', '2026-06-11 12:00:00+03', false);
INSERT INTO public.users (id, name, email, password, role, created_at, must_change_password) VALUES (38, 'Mariam Canawati', 'mariam.canawati37@gmail.com', '$2a$11$zNKLeu7rDBuWEuc.f2Rv3.q.qs42vcw/2jh60.MrYsshXfI4uEJNe', 'student', '2026-06-11 12:00:00+03', false);
INSERT INTO public.users (id, name, email, password, role, created_at, must_change_password) VALUES (39, 'Anas Sabbagh', 'anas.sabbagh38@gmail.com', '$2a$11$zNKLeu7rDBuWEuc.f2Rv3.q.qs42vcw/2jh60.MrYsshXfI4uEJNe', 'student', '2026-06-11 12:00:00+03', false);
INSERT INTO public.users (id, name, email, password, role, created_at, must_change_password) VALUES (40, 'Rula Abu Ghosh', 'rula.abu.ghosh39@gmail.com', '$2a$11$zNKLeu7rDBuWEuc.f2Rv3.q.qs42vcw/2jh60.MrYsshXfI4uEJNe', 'student', '2026-06-11 12:00:00+03', false);
INSERT INTO public.users (id, name, email, password, role, created_at, must_change_password) VALUES (41, 'Bilal Salem', 'bilal.salem40@gmail.com', '$2a$11$zNKLeu7rDBuWEuc.f2Rv3.q.qs42vcw/2jh60.MrYsshXfI4uEJNe', 'student', '2026-06-11 12:00:00+03', false);
INSERT INTO public.users (id, name, email, password, role, created_at, must_change_password) VALUES (42, 'Suhad Najjar', 'suhad.najjar41@gmail.com', '$2a$11$zNKLeu7rDBuWEuc.f2Rv3.q.qs42vcw/2jh60.MrYsshXfI4uEJNe', 'student', '2026-06-11 12:00:00+03', false);
INSERT INTO public.users (id, name, email, password, role, created_at, must_change_password) VALUES (43, 'Tala Odeh', 'tala.odeh42@gmail.com', '$2a$11$zNKLeu7rDBuWEuc.f2Rv3.q.qs42vcw/2jh60.MrYsshXfI4uEJNe', 'student', '2026-06-11 12:00:00+03', false);
INSERT INTO public.users (id, name, email, password, role, created_at, must_change_password) VALUES (44, 'George Saca', 'george.saca43@gmail.com', '$2a$11$zNKLeu7rDBuWEuc.f2Rv3.q.qs42vcw/2jh60.MrYsshXfI4uEJNe', 'student', '2026-06-11 12:00:00+03', false);
INSERT INTO public.users (id, name, email, password, role, created_at, must_change_password) VALUES (45, 'Amal Shalabi', 'amal.shalabi44@gmail.com', '$2a$11$zNKLeu7rDBuWEuc.f2Rv3.q.qs42vcw/2jh60.MrYsshXfI4uEJNe', 'student', '2026-06-11 12:00:00+03', false);
INSERT INTO public.users (id, name, email, password, role, created_at, must_change_password) VALUES (46, 'Karim Nassar', 'karim.nassar45@gmail.com', '$2a$11$zNKLeu7rDBuWEuc.f2Rv3.q.qs42vcw/2jh60.MrYsshXfI4uEJNe', 'student', '2026-06-11 12:00:00+03', false);
INSERT INTO public.users (id, name, email, password, role, created_at, must_change_password) VALUES (47, 'Dr. Sami Barakat', 'dr.sami-barakat@gmail.com', '$2a$11$zNKLeu7rDBuWEuc.f2Rv3.q.qs42vcw/2jh60.MrYsshXfI4uEJNe', 'doctor', '2026-06-11 12:00:00+03', false);
INSERT INTO public.users (id, name, email, password, role, created_at, must_change_password) VALUES (48, 'Dr. Rania Khalil', 'dr.rania-khalil@gmail.com', '$2a$11$zNKLeu7rDBuWEuc.f2Rv3.q.qs42vcw/2jh60.MrYsshXfI4uEJNe', 'doctor', '2026-06-11 12:00:00+03', false);
INSERT INTO public.users (id, name, email, password, role, created_at, must_change_password) VALUES (49, 'Dr. Omar Masri', 'dr.omar-masri@gmail.com', '$2a$11$zNKLeu7rDBuWEuc.f2Rv3.q.qs42vcw/2jh60.MrYsshXfI4uEJNe', 'doctor', '2026-06-11 12:00:00+03', false);
INSERT INTO public.users (id, name, email, password, role, created_at, must_change_password) VALUES (50, 'Dr. Layla Tamimi', 'dr.layla-tamimi@gmail.com', '$2a$11$zNKLeu7rDBuWEuc.f2Rv3.q.qs42vcw/2jh60.MrYsshXfI4uEJNe', 'doctor', '2026-06-11 12:00:00+03', false);
INSERT INTO public.users (id, name, email, password, role, created_at, must_change_password) VALUES (51, 'Dr. Hassan Qasem', 'dr.hassan-qasem@gmail.com', '$2a$11$zNKLeu7rDBuWEuc.f2Rv3.q.qs42vcw/2jh60.MrYsshXfI4uEJNe', 'doctor', '2026-06-11 12:00:00+03', false);
INSERT INTO public.users (id, name, email, password, role, created_at, must_change_password) VALUES (52, 'Dr. Nour Sabbah', 'dr.nour-sabbah@gmail.com', '$2a$11$zNKLeu7rDBuWEuc.f2Rv3.q.qs42vcw/2jh60.MrYsshXfI4uEJNe', 'doctor', '2026-06-11 12:00:00+03', false);
INSERT INTO public.users (id, name, email, password, role, created_at, must_change_password) VALUES (53, 'Dr. Fadi Hijazi', 'dr.fadi-hijazi@gmail.com', '$2a$11$zNKLeu7rDBuWEuc.f2Rv3.q.qs42vcw/2jh60.MrYsshXfI4uEJNe', 'doctor', '2026-06-11 12:00:00+03', false);
INSERT INTO public.users (id, name, email, password, role, created_at, must_change_password) VALUES (54, 'Dr. Mahmoud Darwish', 'dr.mahmoud-darwish@gmail.com', '$2a$11$zNKLeu7rDBuWEuc.f2Rv3.q.qs42vcw/2jh60.MrYsshXfI4uEJNe', 'doctor', '2026-06-11 12:00:00+03', false);
INSERT INTO public.users (id, name, email, password, role, created_at, must_change_password) VALUES (55, 'Dr. Hala Mansour', 'dr.hala-mansour@gmail.com', '$2a$11$zNKLeu7rDBuWEuc.f2Rv3.q.qs42vcw/2jh60.MrYsshXfI4uEJNe', 'doctor', '2026-06-11 12:00:00+03', false);
INSERT INTO public.users (id, name, email, password, role, created_at, must_change_password) VALUES (56, 'Dr. Tariq Nasser', 'dr.tariq-nasser@gmail.com', '$2a$11$zNKLeu7rDBuWEuc.f2Rv3.q.qs42vcw/2jh60.MrYsshXfI4uEJNe', 'doctor', '2026-06-11 12:00:00+03', false);
INSERT INTO public.users (id, name, email, password, role, created_at, must_change_password) VALUES (57, 'Dr. Amal Khoury', 'dr.amal-khoury@gmail.com', '$2a$11$zNKLeu7rDBuWEuc.f2Rv3.q.qs42vcw/2jh60.MrYsshXfI4uEJNe', 'doctor', '2026-06-11 12:00:00+03', false);
INSERT INTO public.users (id, name, email, password, role, created_at, must_change_password) VALUES (58, 'Dr. George Mitri', 'dr.george-mitri@gmail.com', '$2a$11$zNKLeu7rDBuWEuc.f2Rv3.q.qs42vcw/2jh60.MrYsshXfI4uEJNe', 'doctor', '2026-06-11 12:00:00+03', false);
INSERT INTO public.users (id, name, email, password, role, created_at, must_change_password) VALUES (59, 'Nadine Khoury', 'careers@asaltech.com', '$2a$11$zNKLeu7rDBuWEuc.f2Rv3.q.qs42vcw/2jh60.MrYsshXfI4uEJNe', 'company', '2026-06-11 12:00:00+03', false);
INSERT INTO public.users (id, name, email, password, role, created_at, must_change_password) VALUES (60, 'Ziad Qasrawi', 'ziad.qasrawi@asaltech.com', '$2a$11$zNKLeu7rDBuWEuc.f2Rv3.q.qs42vcw/2jh60.MrYsshXfI4uEJNe', 'companymember', '2026-06-11 12:00:00+03', false);
INSERT INTO public.users (id, name, email, password, role, created_at, must_change_password) VALUES (61, 'Waleed Sbeih', 'talent@nablusai.ps', '$2a$11$zNKLeu7rDBuWEuc.f2Rv3.q.qs42vcw/2jh60.MrYsshXfI4uEJNe', 'company', '2026-06-11 12:00:00+03', false);
INSERT INTO public.users (id, name, email, password, role, created_at, must_change_password) VALUES (62, 'Murad Hijazi', 'murad.hijazi@nablusai.ps', '$2a$11$zNKLeu7rDBuWEuc.f2Rv3.q.qs42vcw/2jh60.MrYsshXfI4uEJNe', 'companymember', '2026-06-11 12:00:00+03', false);
INSERT INTO public.users (id, name, email, password, role, created_at, must_change_password) VALUES (63, 'Jana Hosh', 'jobs@paybridge.ps', '$2a$11$zNKLeu7rDBuWEuc.f2Rv3.q.qs42vcw/2jh60.MrYsshXfI4uEJNe', 'company', '2026-06-11 12:00:00+03', false);
INSERT INTO public.users (id, name, email, password, role, created_at, must_change_password) VALUES (64, 'Hala Odeh', 'hala.odeh@paybridge.ps', '$2a$11$zNKLeu7rDBuWEuc.f2Rv3.q.qs42vcw/2jh60.MrYsshXfI4uEJNe', 'companymember', '2026-06-11 12:00:00+03', false);
INSERT INTO public.users (id, name, email, password, role, created_at, must_change_password) VALUES (65, 'Lina Sabbah', 'careers@mediconnect.ps', '$2a$11$zNKLeu7rDBuWEuc.f2Rv3.q.qs42vcw/2jh60.MrYsshXfI4uEJNe', 'company', '2026-06-11 12:00:00+03', false);
INSERT INTO public.users (id, name, email, password, role, created_at, must_change_password) VALUES (66, 'Reem Mitri', 'reem.mitri@mediconnect.ps', '$2a$11$zNKLeu7rDBuWEuc.f2Rv3.q.qs42vcw/2jh60.MrYsshXfI4uEJNe', 'companymember', '2026-06-11 12:00:00+03', false);
INSERT INTO public.users (id, name, email, password, role, created_at, must_change_password) VALUES (67, 'Tariq Tamimi', 'hello@eduspark.ps', '$2a$11$zNKLeu7rDBuWEuc.f2Rv3.q.qs42vcw/2jh60.MrYsshXfI4uEJNe', 'company', '2026-06-11 12:00:00+03', false);
INSERT INTO public.users (id, name, email, password, role, created_at, must_change_password) VALUES (68, 'Khaled Barakat', 'khaled.barakat@eduspark.ps', '$2a$11$zNKLeu7rDBuWEuc.f2Rv3.q.qs42vcw/2jh60.MrYsshXfI4uEJNe', 'companymember', '2026-06-11 12:00:00+03', false);
INSERT INTO public.users (id, name, email, password, role, created_at, must_change_password) VALUES (69, 'Omar Farah', 'people@ptsw.ps', '$2a$11$zNKLeu7rDBuWEuc.f2Rv3.q.qs42vcw/2jh60.MrYsshXfI4uEJNe', 'company', '2026-06-11 12:00:00+03', false);
INSERT INTO public.users (id, name, email, password, role, created_at, must_change_password) VALUES (70, 'Nour Awad', 'nour.awad@ptsw.ps', '$2a$11$zNKLeu7rDBuWEuc.f2Rv3.q.qs42vcw/2jh60.MrYsshXfI4uEJNe', 'companymember', '2026-06-11 12:00:00+03', false);
INSERT INTO public.users (id, name, email, password, role, created_at, must_change_password) VALUES (71, 'IEEE An-Najah Student Branch', 'ieee-anajah@orgs.skillswap.ps', '$2a$11$zNKLeu7rDBuWEuc.f2Rv3.q.qs42vcw/2jh60.MrYsshXfI4uEJNe', 'studentassociation', '2026-06-11 12:00:00+03', false);
INSERT INTO public.users (id, name, email, password, role, created_at, must_change_password) VALUES (72, 'ACM An-Najah Student Chapter', 'acm-anajah@orgs.skillswap.ps', '$2a$11$zNKLeu7rDBuWEuc.f2Rv3.q.qs42vcw/2jh60.MrYsshXfI4uEJNe', 'studentassociation', '2026-06-11 12:00:00+03', false);
INSERT INTO public.users (id, name, email, password, role, created_at, must_change_password) VALUES (73, 'Google Developer Student Club An-Najah', 'gdsc-anajah@orgs.skillswap.ps', '$2a$11$zNKLeu7rDBuWEuc.f2Rv3.q.qs42vcw/2jh60.MrYsshXfI4uEJNe', 'studentassociation', '2026-06-11 12:00:00+03', false);
INSERT INTO public.users (id, name, email, password, role, created_at, must_change_password) VALUES (74, 'Cyber Security Club - An-Najah', 'cyber-anajah@orgs.skillswap.ps', '$2a$11$zNKLeu7rDBuWEuc.f2Rv3.q.qs42vcw/2jh60.MrYsshXfI4uEJNe', 'studentassociation', '2026-06-11 12:00:00+03', false);
INSERT INTO public.users (id, name, email, password, role, created_at, must_change_password) VALUES (75, 'Robotics Club - An-Najah', 'robotics-anajah@orgs.skillswap.ps', '$2a$11$zNKLeu7rDBuWEuc.f2Rv3.q.qs42vcw/2jh60.MrYsshXfI4uEJNe', 'studentassociation', '2026-06-11 12:00:00+03', false);
-- company_profiles
INSERT INTO public.company_profiles (id, user_id, company_name, industry, description, linkedin_url, location, website_url, areas_of_interest, contact_email, headquarters_location, optional_contact_link, working_style, normalized_company_name, primary_email_domain, website_domain) VALUES (1, 59, 'ASAL Technologies', 'Software Engineering & Outsourcing', 'ASAL Technologies builds innovative solutions in Software Engineering & Outsourcing.', NULL, 'Nablus, Palestine', 'https://www.asaltech.com', '["React","PostgreSQL"]', 'careers@asaltech.com', 'Nablus, Palestine', NULL, 'Hybrid', 'asal technologies', 'asaltech.com', 'asaltech.com');
INSERT INTO public.company_members (id, company_profile_id, user_id, role, created_at) VALUES (1, 1, 60, 'recruiter', '2026-06-11 12:00:00+03');
INSERT INTO public.company_profiles (id, user_id, company_name, industry, description, linkedin_url, location, website_url, areas_of_interest, contact_email, headquarters_location, optional_contact_link, working_style, normalized_company_name, primary_email_domain, website_domain) VALUES (2, 61, 'Nablus AI Labs', 'Artificial Intelligence Startup', 'Nablus AI Labs builds innovative solutions in Artificial Intelligence Startup.', NULL, 'Nablus, Palestine', 'https://www.nablusai.ps', '["React","PostgreSQL"]', 'talent@nablusai.ps', 'Nablus, Palestine', NULL, 'Hybrid', 'nablus ai labs', 'nablusai.ps', 'nablusai.ps');
INSERT INTO public.company_members (id, company_profile_id, user_id, role, created_at) VALUES (2, 2, 62, 'recruiter', '2026-06-11 12:00:00+03');
INSERT INTO public.company_profiles (id, user_id, company_name, industry, description, linkedin_url, location, website_url, areas_of_interest, contact_email, headquarters_location, optional_contact_link, working_style, normalized_company_name, primary_email_domain, website_domain) VALUES (3, 63, 'PayBridge Palestine', 'Financial Technology', 'PayBridge Palestine builds innovative solutions in Financial Technology.', NULL, 'Nablus, Palestine', 'https://www.paybridge.ps', '["React","PostgreSQL"]', 'jobs@paybridge.ps', 'Nablus, Palestine', NULL, 'Hybrid', 'paybridge palestine', 'paybridge.ps', 'paybridge.ps');
INSERT INTO public.company_members (id, company_profile_id, user_id, role, created_at) VALUES (3, 3, 64, 'recruiter', '2026-06-11 12:00:00+03');
INSERT INTO public.company_profiles (id, user_id, company_name, industry, description, linkedin_url, location, website_url, areas_of_interest, contact_email, headquarters_location, optional_contact_link, working_style, normalized_company_name, primary_email_domain, website_domain) VALUES (4, 65, 'MediConnect Health Tech', 'Healthcare Technology', 'MediConnect Health Tech builds innovative solutions in Healthcare Technology.', NULL, 'Nablus, Palestine', 'https://www.mediconnect.ps', '["React","PostgreSQL"]', 'careers@mediconnect.ps', 'Nablus, Palestine', NULL, 'Hybrid', 'mediconnect health tech', 'mediconnect.ps', 'mediconnect.ps');
INSERT INTO public.company_members (id, company_profile_id, user_id, role, created_at) VALUES (4, 4, 66, 'recruiter', '2026-06-11 12:00:00+03');
INSERT INTO public.company_profiles (id, user_id, company_name, industry, description, linkedin_url, location, website_url, areas_of_interest, contact_email, headquarters_location, optional_contact_link, working_style, normalized_company_name, primary_email_domain, website_domain) VALUES (5, 67, 'EduSpark Palestine', 'Education Technology', 'EduSpark Palestine builds innovative solutions in Education Technology.', NULL, 'Nablus, Palestine', 'https://www.eduspark.ps', '["React","PostgreSQL"]', 'hello@eduspark.ps', 'Nablus, Palestine', NULL, 'Hybrid', 'eduspark palestine', 'eduspark.ps', 'eduspark.ps');
INSERT INTO public.company_members (id, company_profile_id, user_id, role, created_at) VALUES (5, 5, 68, 'recruiter', '2026-06-11 12:00:00+03');
INSERT INTO public.company_profiles (id, user_id, company_name, industry, description, linkedin_url, location, website_url, areas_of_interest, contact_email, headquarters_location, optional_contact_link, working_style, normalized_company_name, primary_email_domain, website_domain) VALUES (6, 69, 'Palestine Telecom Software', 'Telecommunications', 'Palestine Telecom Software builds innovative solutions in Telecommunications.', NULL, 'Nablus, Palestine', 'https://www.ptsw.ps', '["React","PostgreSQL"]', 'people@ptsw.ps', 'Nablus, Palestine', NULL, 'Hybrid', 'palestine telecom software', 'ptsw.ps', 'ptsw.ps');
INSERT INTO public.company_members (id, company_profile_id, user_id, role, created_at) VALUES (6, 6, 70, 'recruiter', '2026-06-11 12:00:00+03');
-- doctor_profiles
INSERT INTO public.doctor_profiles (id, user_id, specialization, supervision_capacity, bio, university, faculty, profile_picture_base64, department, linkedin, office_hours, research_skills, technical_skills, years_of_experience, academic_rank, available_for_supervision, notification_preferences, phone_number, preferred_project_areas, research_interests) VALUES (1, 47, 'Artificial Intelligence', 5, 'Dr. Sami Barakat supervises capstone projects in Computer Science.', 'An-Najah National University', 'Faculty of Engineering and Information Technology', NULL, 'Computer Science', NULL, 'Thu 09-11', '["Research"]', '["Python"]', 10, NULL, true, NULL, NULL, NULL, NULL);
INSERT INTO public.doctor_profiles (id, user_id, specialization, supervision_capacity, bio, university, faculty, profile_picture_base64, department, linkedin, office_hours, research_skills, technical_skills, years_of_experience, academic_rank, available_for_supervision, notification_preferences, phone_number, preferred_project_areas, research_interests) VALUES (2, 48, 'Software Engineering', 5, 'Dr. Rania Khalil supervises capstone projects in Software Engineering.', 'An-Najah National University', 'Faculty of Engineering and Information Technology', NULL, 'Software Engineering', NULL, 'Thu 09-11', '["Research"]', '["Python"]', 10, NULL, true, NULL, NULL, NULL, NULL);
INSERT INTO public.doctor_profiles (id, user_id, specialization, supervision_capacity, bio, university, faculty, profile_picture_base64, department, linkedin, office_hours, research_skills, technical_skills, years_of_experience, academic_rank, available_for_supervision, notification_preferences, phone_number, preferred_project_areas, research_interests) VALUES (3, 49, 'Cybersecurity', 5, 'Dr. Omar Masri supervises capstone projects in Computer Engineering.', 'An-Najah National University', 'Faculty of Engineering and Information Technology', NULL, 'Computer Engineering', NULL, 'Thu 09-11', '["Research"]', '["Python"]', 10, NULL, true, NULL, NULL, NULL, NULL);
INSERT INTO public.doctor_profiles (id, user_id, specialization, supervision_capacity, bio, university, faculty, profile_picture_base64, department, linkedin, office_hours, research_skills, technical_skills, years_of_experience, academic_rank, available_for_supervision, notification_preferences, phone_number, preferred_project_areas, research_interests) VALUES (4, 50, 'Cloud Computing', 5, 'Dr. Layla Tamimi supervises capstone projects in Information Technology.', 'An-Najah National University', 'Faculty of Engineering and Information Technology', NULL, 'Information Technology', NULL, 'Thu 09-11', '["Research"]', '["Python"]', 10, NULL, true, NULL, NULL, NULL, NULL);
INSERT INTO public.doctor_profiles (id, user_id, specialization, supervision_capacity, bio, university, faculty, profile_picture_base64, department, linkedin, office_hours, research_skills, technical_skills, years_of_experience, academic_rank, available_for_supervision, notification_preferences, phone_number, preferred_project_areas, research_interests) VALUES (5, 51, 'Data Science', 5, 'Dr. Hassan Qasem supervises capstone projects in Computer Science.', 'An-Najah National University', 'Faculty of Engineering and Information Technology', NULL, 'Computer Science', NULL, 'Thu 09-11', '["Research"]', '["Python"]', 10, NULL, true, NULL, NULL, NULL, NULL);
INSERT INTO public.doctor_profiles (id, user_id, specialization, supervision_capacity, bio, university, faculty, profile_picture_base64, department, linkedin, office_hours, research_skills, technical_skills, years_of_experience, academic_rank, available_for_supervision, notification_preferences, phone_number, preferred_project_areas, research_interests) VALUES (6, 52, 'Machine Learning', 5, 'Dr. Nour Sabbah supervises capstone projects in Artificial Intelligence.', 'An-Najah National University', 'Faculty of Engineering and Information Technology', NULL, 'Artificial Intelligence', NULL, 'Thu 09-11', '["Research"]', '["Python"]', 10, NULL, true, NULL, NULL, NULL, NULL);
INSERT INTO public.doctor_profiles (id, user_id, specialization, supervision_capacity, bio, university, faculty, profile_picture_base64, department, linkedin, office_hours, research_skills, technical_skills, years_of_experience, academic_rank, available_for_supervision, notification_preferences, phone_number, preferred_project_areas, research_interests) VALUES (7, 53, 'Electrical Engineering', 5, 'Dr. Fadi Hijazi supervises capstone projects in Electrical Engineering.', 'An-Najah National University', 'Faculty of Engineering and Information Technology', NULL, 'Electrical Engineering', NULL, 'Thu 09-11', '["Research"]', '["Python"]', 10, NULL, true, NULL, NULL, NULL, NULL);
INSERT INTO public.doctor_profiles (id, user_id, specialization, supervision_capacity, bio, university, faculty, profile_picture_base64, department, linkedin, office_hours, research_skills, technical_skills, years_of_experience, academic_rank, available_for_supervision, notification_preferences, phone_number, preferred_project_areas, research_interests) VALUES (8, 54, 'Industrial Engineering', 5, 'Dr. Mahmoud Darwish supervises capstone projects in Industrial Engineering.', 'An-Najah National University', 'Faculty of Engineering and Information Technology', NULL, 'Industrial Engineering', NULL, 'Thu 09-11', '["Research"]', '["Python"]', 10, NULL, true, NULL, NULL, NULL, NULL);
INSERT INTO public.doctor_profiles (id, user_id, specialization, supervision_capacity, bio, university, faculty, profile_picture_base64, department, linkedin, office_hours, research_skills, technical_skills, years_of_experience, academic_rank, available_for_supervision, notification_preferences, phone_number, preferred_project_areas, research_interests) VALUES (9, 55, 'Business Informatics', 5, 'Dr. Hala Mansour supervises capstone projects in Business Administration.', 'An-Najah National University', 'Faculty of Engineering and Information Technology', NULL, 'Business Administration', NULL, 'Thu 09-11', '["Research"]', '["Python"]', 10, NULL, true, NULL, NULL, NULL, NULL);
INSERT INTO public.doctor_profiles (id, user_id, specialization, supervision_capacity, bio, university, faculty, profile_picture_base64, department, linkedin, office_hours, research_skills, technical_skills, years_of_experience, academic_rank, available_for_supervision, notification_preferences, phone_number, preferred_project_areas, research_interests) VALUES (10, 56, 'Architecture', 5, 'Dr. Tariq Nasser supervises capstone projects in Architecture.', 'An-Najah National University', 'Faculty of Engineering and Information Technology', NULL, 'Architecture', NULL, 'Thu 09-11', '["Research"]', '["Python"]', 10, NULL, true, NULL, NULL, NULL, NULL);
INSERT INTO public.doctor_profiles (id, user_id, specialization, supervision_capacity, bio, university, faculty, profile_picture_base64, department, linkedin, office_hours, research_skills, technical_skills, years_of_experience, academic_rank, available_for_supervision, notification_preferences, phone_number, preferred_project_areas, research_interests) VALUES (11, 57, 'Clinical Informatics', 5, 'Dr. Amal Khoury supervises capstone projects in Medicine.', 'An-Najah National University', 'Faculty of Engineering and Information Technology', NULL, 'Medicine', NULL, 'Thu 09-11', '["Research"]', '["Python"]', 10, NULL, true, NULL, NULL, NULL, NULL);
INSERT INTO public.doctor_profiles (id, user_id, specialization, supervision_capacity, bio, university, faculty, profile_picture_base64, department, linkedin, office_hours, research_skills, technical_skills, years_of_experience, academic_rank, available_for_supervision, notification_preferences, phone_number, preferred_project_areas, research_interests) VALUES (12, 58, 'Pharmacy Systems', 5, 'Dr. George Mitri supervises capstone projects in Pharmacy.', 'An-Najah National University', 'Faculty of Engineering and Information Technology', NULL, 'Pharmacy', NULL, 'Thu 09-11', '["Research"]', '["Python"]', 10, NULL, true, NULL, NULL, NULL, NULL);
-- student_profiles
INSERT INTO public.student_profiles (id, user_id, major, bio, student_id, university, faculty, academic_year, gpa, availability, looking_for, github, linkedin, portfolio, profile_picture_base64, languages, tools, roles, technical_skills, notification_preferences, ai_project_interests, collaboration_preferences, expected_graduation, other_links, personal_website) VALUES (1, 2, 'Software Engineering', 'Software Engineering student focused on First Year coursework and collaborative projects.', '20240001', 'An-Najah National University', 'Faculty of Engineering and Information Technology', 'First Year', 2.58, 'Available 10-15 hrs/week', 'Teammates and internships', NULL, NULL, NULL, NULL, '["Arabic","English"]', '[1,2]', '["Developer"]', '[1,2]', NULL, NULL, NULL, NULL, NULL, NULL);
INSERT INTO public.student_profiles (id, user_id, major, bio, student_id, university, faculty, academic_year, gpa, availability, looking_for, github, linkedin, portfolio, profile_picture_base64, languages, tools, roles, technical_skills, notification_preferences, ai_project_interests, collaboration_preferences, expected_graduation, other_links, personal_website) VALUES (2, 3, 'Software Engineering', 'Software Engineering student focused on Second Year coursework and collaborative projects.', '20240002', 'An-Najah National University', 'Faculty of Engineering and Information Technology', 'Second Year', 2.66, 'Available 10-15 hrs/week', 'Teammates and internships', NULL, NULL, NULL, NULL, '["Arabic","English"]', '[1,2]', '["Developer"]', '[1,2]', NULL, NULL, NULL, NULL, NULL, NULL);
INSERT INTO public.student_profiles (id, user_id, major, bio, student_id, university, faculty, academic_year, gpa, availability, looking_for, github, linkedin, portfolio, profile_picture_base64, languages, tools, roles, technical_skills, notification_preferences, ai_project_interests, collaboration_preferences, expected_graduation, other_links, personal_website) VALUES (3, 4, 'Software Engineering', 'Software Engineering student focused on Third Year coursework and collaborative projects.', '20240003', 'An-Najah National University', 'Faculty of Engineering and Information Technology', 'Third Year', 2.74, 'Available 10-15 hrs/week', 'Teammates and internships', NULL, NULL, NULL, NULL, '["Arabic","English"]', '[1,2]', '["Developer"]', '[1,2]', NULL, NULL, NULL, NULL, NULL, NULL);
INSERT INTO public.student_profiles (id, user_id, major, bio, student_id, university, faculty, academic_year, gpa, availability, looking_for, github, linkedin, portfolio, profile_picture_base64, languages, tools, roles, technical_skills, notification_preferences, ai_project_interests, collaboration_preferences, expected_graduation, other_links, personal_website) VALUES (4, 5, 'Software Engineering', 'Software Engineering student focused on Fourth Year coursework and collaborative projects.', '20240004', 'An-Najah National University', 'Faculty of Engineering and Information Technology', 'Fourth Year', 2.82, 'Available 10-15 hrs/week', 'Teammates and internships', NULL, NULL, NULL, NULL, '["Arabic","English"]', '[1,2]', '["Developer"]', '[1,2]', NULL, NULL, NULL, NULL, NULL, NULL);
INSERT INTO public.student_profiles (id, user_id, major, bio, student_id, university, faculty, academic_year, gpa, availability, looking_for, github, linkedin, portfolio, profile_picture_base64, languages, tools, roles, technical_skills, notification_preferences, ai_project_interests, collaboration_preferences, expected_graduation, other_links, personal_website) VALUES (5, 6, 'Software Engineering', 'Software Engineering student focused on Fifth Year coursework and collaborative projects.', '20240005', 'An-Najah National University', 'Faculty of Engineering and Information Technology', 'Fifth Year', 2.9, 'Available 10-15 hrs/week', 'Teammates and internships', NULL, NULL, NULL, NULL, '["Arabic","English"]', '[1,2]', '["Developer"]', '[1,2]', NULL, NULL, NULL, NULL, NULL, NULL);
INSERT INTO public.student_profiles (id, user_id, major, bio, student_id, university, faculty, academic_year, gpa, availability, looking_for, github, linkedin, portfolio, profile_picture_base64, languages, tools, roles, technical_skills, notification_preferences, ai_project_interests, collaboration_preferences, expected_graduation, other_links, personal_website) VALUES (6, 7, 'Computer Engineering', 'Computer Engineering student focused on First Year coursework and collaborative projects.', '20240006', 'An-Najah National University', 'Faculty of Engineering and Information Technology', 'First Year', 2.98, 'Available 10-15 hrs/week', 'Teammates and internships', NULL, NULL, NULL, NULL, '["Arabic","English"]', '[1,2]', '["Developer"]', '[1,2]', NULL, NULL, NULL, NULL, NULL, NULL);
INSERT INTO public.student_profiles (id, user_id, major, bio, student_id, university, faculty, academic_year, gpa, availability, looking_for, github, linkedin, portfolio, profile_picture_base64, languages, tools, roles, technical_skills, notification_preferences, ai_project_interests, collaboration_preferences, expected_graduation, other_links, personal_website) VALUES (7, 8, 'Computer Engineering', 'Computer Engineering student focused on Second Year coursework and collaborative projects.', '20240007', 'An-Najah National University', 'Faculty of Engineering and Information Technology', 'Second Year', 3.06, 'Available 10-15 hrs/week', 'Teammates and internships', NULL, NULL, NULL, NULL, '["Arabic","English"]', '[1,2]', '["Developer"]', '[1,2]', NULL, NULL, NULL, NULL, NULL, NULL);
INSERT INTO public.student_profiles (id, user_id, major, bio, student_id, university, faculty, academic_year, gpa, availability, looking_for, github, linkedin, portfolio, profile_picture_base64, languages, tools, roles, technical_skills, notification_preferences, ai_project_interests, collaboration_preferences, expected_graduation, other_links, personal_website) VALUES (8, 9, 'Computer Engineering', 'Computer Engineering student focused on Fourth Year coursework and collaborative projects.', '20240008', 'An-Najah National University', 'Faculty of Engineering and Information Technology', 'Fourth Year', 3.14, 'Available 10-15 hrs/week', 'Teammates and internships', NULL, NULL, NULL, NULL, '["Arabic","English"]', '[1,2]', '["Developer"]', '[1,2]', NULL, NULL, NULL, NULL, NULL, NULL);
INSERT INTO public.student_profiles (id, user_id, major, bio, student_id, university, faculty, academic_year, gpa, availability, looking_for, github, linkedin, portfolio, profile_picture_base64, languages, tools, roles, technical_skills, notification_preferences, ai_project_interests, collaboration_preferences, expected_graduation, other_links, personal_website) VALUES (9, 10, 'Computer Science', 'Computer Science student focused on Second Year coursework and collaborative projects.', '20240009', 'An-Najah National University', 'Faculty of Engineering and Information Technology', 'Second Year', 3.22, 'Available 10-15 hrs/week', 'Teammates and internships', NULL, NULL, NULL, NULL, '["Arabic","English"]', '[1,2]', '["Developer"]', '[1,2]', NULL, NULL, NULL, NULL, NULL, NULL);
INSERT INTO public.student_profiles (id, user_id, major, bio, student_id, university, faculty, academic_year, gpa, availability, looking_for, github, linkedin, portfolio, profile_picture_base64, languages, tools, roles, technical_skills, notification_preferences, ai_project_interests, collaboration_preferences, expected_graduation, other_links, personal_website) VALUES (10, 11, 'Computer Science', 'Computer Science student focused on Third Year coursework and collaborative projects.', '20240010', 'An-Najah National University', 'Faculty of Engineering and Information Technology', 'Third Year', 3.3, 'Available 10-15 hrs/week', 'Teammates and internships', NULL, NULL, NULL, NULL, '["Arabic","English"]', '[1,2]', '["Developer"]', '[1,2]', NULL, NULL, NULL, NULL, NULL, NULL);
INSERT INTO public.student_profiles (id, user_id, major, bio, student_id, university, faculty, academic_year, gpa, availability, looking_for, github, linkedin, portfolio, profile_picture_base64, languages, tools, roles, technical_skills, notification_preferences, ai_project_interests, collaboration_preferences, expected_graduation, other_links, personal_website) VALUES (11, 12, 'Computer Science', 'Computer Science student focused on Fourth Year coursework and collaborative projects.', '20240011', 'An-Najah National University', 'Faculty of Engineering and Information Technology', 'Fourth Year', 3.38, 'Available 10-15 hrs/week', 'Teammates and internships', NULL, NULL, NULL, NULL, '["Arabic","English"]', '[1,2]', '["Developer"]', '[1,2]', NULL, NULL, NULL, NULL, NULL, NULL);
INSERT INTO public.student_profiles (id, user_id, major, bio, student_id, university, faculty, academic_year, gpa, availability, looking_for, github, linkedin, portfolio, profile_picture_base64, languages, tools, roles, technical_skills, notification_preferences, ai_project_interests, collaboration_preferences, expected_graduation, other_links, personal_website) VALUES (12, 13, 'Computer Science', 'Computer Science student focused on Fifth Year coursework and collaborative projects.', '20240012', 'An-Najah National University', 'Faculty of Engineering and Information Technology', 'Fifth Year', 3.46, 'Available 10-15 hrs/week', 'Teammates and internships', NULL, NULL, NULL, NULL, '["Arabic","English"]', '[1,2]', '["Developer"]', '[1,2]', NULL, NULL, NULL, NULL, NULL, NULL);
INSERT INTO public.student_profiles (id, user_id, major, bio, student_id, university, faculty, academic_year, gpa, availability, looking_for, github, linkedin, portfolio, profile_picture_base64, languages, tools, roles, technical_skills, notification_preferences, ai_project_interests, collaboration_preferences, expected_graduation, other_links, personal_website) VALUES (13, 14, 'Information Technology', 'Information Technology student focused on First Year coursework and collaborative projects.', '20240013', 'An-Najah National University', 'Faculty of Engineering and Information Technology', 'First Year', 3.54, 'Available 10-15 hrs/week', 'Teammates and internships', NULL, NULL, NULL, NULL, '["Arabic","English"]', '[1,2]', '["Developer"]', '[1,2]', NULL, NULL, NULL, NULL, NULL, NULL);
INSERT INTO public.student_profiles (id, user_id, major, bio, student_id, university, faculty, academic_year, gpa, availability, looking_for, github, linkedin, portfolio, profile_picture_base64, languages, tools, roles, technical_skills, notification_preferences, ai_project_interests, collaboration_preferences, expected_graduation, other_links, personal_website) VALUES (14, 15, 'Information Technology', 'Information Technology student focused on Third Year coursework and collaborative projects.', '20240014', 'An-Najah National University', 'Faculty of Engineering and Information Technology', 'Third Year', 3.62, 'Available 10-15 hrs/week', 'Teammates and internships', NULL, NULL, NULL, NULL, '["Arabic","English"]', '[1,2]', '["Developer"]', '[1,2]', NULL, NULL, NULL, NULL, NULL, NULL);
INSERT INTO public.student_profiles (id, user_id, major, bio, student_id, university, faculty, academic_year, gpa, availability, looking_for, github, linkedin, portfolio, profile_picture_base64, languages, tools, roles, technical_skills, notification_preferences, ai_project_interests, collaboration_preferences, expected_graduation, other_links, personal_website) VALUES (15, 16, 'Information Technology', 'Information Technology student focused on Fifth Year coursework and collaborative projects.', '20240015', 'An-Najah National University', 'Faculty of Engineering and Information Technology', 'Fifth Year', 2.5, 'Available 10-15 hrs/week', 'Teammates and internships', NULL, NULL, NULL, NULL, '["Arabic","English"]', '[1,2]', '["Developer"]', '[1,2]', NULL, NULL, NULL, NULL, NULL, NULL);
INSERT INTO public.student_profiles (id, user_id, major, bio, student_id, university, faculty, academic_year, gpa, availability, looking_for, github, linkedin, portfolio, profile_picture_base64, languages, tools, roles, technical_skills, notification_preferences, ai_project_interests, collaboration_preferences, expected_graduation, other_links, personal_website) VALUES (16, 17, 'Artificial Intelligence', 'Artificial Intelligence student focused on Second Year coursework and collaborative projects.', '20240016', 'An-Najah National University', 'Faculty of Engineering and Information Technology', 'Second Year', 2.58, 'Available 10-15 hrs/week', 'Teammates and internships', NULL, NULL, NULL, NULL, '["Arabic","English"]', '[1,2]', '["Developer"]', '[1,2]', NULL, NULL, NULL, NULL, NULL, NULL);
INSERT INTO public.student_profiles (id, user_id, major, bio, student_id, university, faculty, academic_year, gpa, availability, looking_for, github, linkedin, portfolio, profile_picture_base64, languages, tools, roles, technical_skills, notification_preferences, ai_project_interests, collaboration_preferences, expected_graduation, other_links, personal_website) VALUES (17, 18, 'Artificial Intelligence', 'Artificial Intelligence student focused on Fourth Year coursework and collaborative projects.', '20240017', 'An-Najah National University', 'Faculty of Engineering and Information Technology', 'Fourth Year', 2.66, 'Available 10-15 hrs/week', 'Teammates and internships', NULL, NULL, NULL, NULL, '["Arabic","English"]', '[1,2]', '["Developer"]', '[1,2]', NULL, NULL, NULL, NULL, NULL, NULL);
INSERT INTO public.student_profiles (id, user_id, major, bio, student_id, university, faculty, academic_year, gpa, availability, looking_for, github, linkedin, portfolio, profile_picture_base64, languages, tools, roles, technical_skills, notification_preferences, ai_project_interests, collaboration_preferences, expected_graduation, other_links, personal_website) VALUES (18, 19, 'Artificial Intelligence', 'Artificial Intelligence student focused on Fifth Year coursework and collaborative projects.', '20240018', 'An-Najah National University', 'Faculty of Engineering and Information Technology', 'Fifth Year', 2.74, 'Available 10-15 hrs/week', 'Teammates and internships', NULL, NULL, NULL, NULL, '["Arabic","English"]', '[1,2]', '["Developer"]', '[1,2]', NULL, NULL, NULL, NULL, NULL, NULL);
INSERT INTO public.student_profiles (id, user_id, major, bio, student_id, university, faculty, academic_year, gpa, availability, looking_for, github, linkedin, portfolio, profile_picture_base64, languages, tools, roles, technical_skills, notification_preferences, ai_project_interests, collaboration_preferences, expected_graduation, other_links, personal_website) VALUES (19, 20, 'Data Science', 'Data Science student focused on First Year coursework and collaborative projects.', '20240019', 'An-Najah National University', 'Faculty of Engineering and Information Technology', 'First Year', 2.82, 'Available 10-15 hrs/week', 'Teammates and internships', NULL, NULL, NULL, NULL, '["Arabic","English"]', '[1,2]', '["Developer"]', '[1,2]', NULL, NULL, NULL, NULL, NULL, NULL);
INSERT INTO public.student_profiles (id, user_id, major, bio, student_id, university, faculty, academic_year, gpa, availability, looking_for, github, linkedin, portfolio, profile_picture_base64, languages, tools, roles, technical_skills, notification_preferences, ai_project_interests, collaboration_preferences, expected_graduation, other_links, personal_website) VALUES (20, 21, 'Data Science', 'Data Science student focused on Third Year coursework and collaborative projects.', '20240020', 'An-Najah National University', 'Faculty of Engineering and Information Technology', 'Third Year', 2.9, 'Available 10-15 hrs/week', 'Teammates and internships', NULL, NULL, NULL, NULL, '["Arabic","English"]', '[1,2]', '["Developer"]', '[1,2]', NULL, NULL, NULL, NULL, NULL, NULL);
INSERT INTO public.student_profiles (id, user_id, major, bio, student_id, university, faculty, academic_year, gpa, availability, looking_for, github, linkedin, portfolio, profile_picture_base64, languages, tools, roles, technical_skills, notification_preferences, ai_project_interests, collaboration_preferences, expected_graduation, other_links, personal_website) VALUES (21, 22, 'Data Science', 'Data Science student focused on Fifth Year coursework and collaborative projects.', '20240021', 'An-Najah National University', 'Faculty of Engineering and Information Technology', 'Fifth Year', 2.98, 'Available 10-15 hrs/week', 'Teammates and internships', NULL, NULL, NULL, NULL, '["Arabic","English"]', '[1,2]', '["Developer"]', '[1,2]', NULL, NULL, NULL, NULL, NULL, NULL);
INSERT INTO public.student_profiles (id, user_id, major, bio, student_id, university, faculty, academic_year, gpa, availability, looking_for, github, linkedin, portfolio, profile_picture_base64, languages, tools, roles, technical_skills, notification_preferences, ai_project_interests, collaboration_preferences, expected_graduation, other_links, personal_website) VALUES (22, 23, 'Cybersecurity', 'Cybersecurity student focused on Second Year coursework and collaborative projects.', '20240022', 'An-Najah National University', 'Faculty of Engineering and Information Technology', 'Second Year', 3.06, 'Available 10-15 hrs/week', 'Teammates and internships', NULL, NULL, NULL, NULL, '["Arabic","English"]', '[1,2]', '["Developer"]', '[1,2]', NULL, NULL, NULL, NULL, NULL, NULL);
INSERT INTO public.student_profiles (id, user_id, major, bio, student_id, university, faculty, academic_year, gpa, availability, looking_for, github, linkedin, portfolio, profile_picture_base64, languages, tools, roles, technical_skills, notification_preferences, ai_project_interests, collaboration_preferences, expected_graduation, other_links, personal_website) VALUES (23, 24, 'Cybersecurity', 'Cybersecurity student focused on Fourth Year coursework and collaborative projects.', '20240023', 'An-Najah National University', 'Faculty of Engineering and Information Technology', 'Fourth Year', 3.14, 'Available 10-15 hrs/week', 'Teammates and internships', NULL, NULL, NULL, NULL, '["Arabic","English"]', '[1,2]', '["Developer"]', '[1,2]', NULL, NULL, NULL, NULL, NULL, NULL);
INSERT INTO public.student_profiles (id, user_id, major, bio, student_id, university, faculty, academic_year, gpa, availability, looking_for, github, linkedin, portfolio, profile_picture_base64, languages, tools, roles, technical_skills, notification_preferences, ai_project_interests, collaboration_preferences, expected_graduation, other_links, personal_website) VALUES (24, 25, 'Electrical Engineering', 'Electrical Engineering student focused on Third Year coursework and collaborative projects.', '20240024', 'An-Najah National University', 'Faculty of Engineering and Information Technology', 'Third Year', 3.22, 'Available 10-15 hrs/week', 'Teammates and internships', NULL, NULL, NULL, NULL, '["Arabic","English"]', '[1,2]', '["Developer"]', '[1,2]', NULL, NULL, NULL, NULL, NULL, NULL);
INSERT INTO public.student_profiles (id, user_id, major, bio, student_id, university, faculty, academic_year, gpa, availability, looking_for, github, linkedin, portfolio, profile_picture_base64, languages, tools, roles, technical_skills, notification_preferences, ai_project_interests, collaboration_preferences, expected_graduation, other_links, personal_website) VALUES (25, 26, 'Electrical Engineering', 'Electrical Engineering student focused on Fifth Year coursework and collaborative projects.', '20240025', 'An-Najah National University', 'Faculty of Engineering and Information Technology', 'Fifth Year', 3.3, 'Available 10-15 hrs/week', 'Teammates and internships', NULL, NULL, NULL, NULL, '["Arabic","English"]', '[1,2]', '["Developer"]', '[1,2]', NULL, NULL, NULL, NULL, NULL, NULL);
INSERT INTO public.student_profiles (id, user_id, major, bio, student_id, university, faculty, academic_year, gpa, availability, looking_for, github, linkedin, portfolio, profile_picture_base64, languages, tools, roles, technical_skills, notification_preferences, ai_project_interests, collaboration_preferences, expected_graduation, other_links, personal_website) VALUES (26, 27, 'Industrial Engineering', 'Industrial Engineering student focused on Second Year coursework and collaborative projects.', '20240026', 'An-Najah National University', 'Faculty of Engineering and Information Technology', 'Second Year', 3.38, 'Available 10-15 hrs/week', 'Teammates and internships', NULL, NULL, NULL, NULL, '["Arabic","English"]', '[1,2]', '["Developer"]', '[1,2]', NULL, NULL, NULL, NULL, NULL, NULL);
INSERT INTO public.student_profiles (id, user_id, major, bio, student_id, university, faculty, academic_year, gpa, availability, looking_for, github, linkedin, portfolio, profile_picture_base64, languages, tools, roles, technical_skills, notification_preferences, ai_project_interests, collaboration_preferences, expected_graduation, other_links, personal_website) VALUES (27, 28, 'Industrial Engineering', 'Industrial Engineering student focused on Fourth Year coursework and collaborative projects.', '20240027', 'An-Najah National University', 'Faculty of Engineering and Information Technology', 'Fourth Year', 3.46, 'Available 10-15 hrs/week', 'Teammates and internships', NULL, NULL, NULL, NULL, '["Arabic","English"]', '[1,2]', '["Developer"]', '[1,2]', NULL, NULL, NULL, NULL, NULL, NULL);
INSERT INTO public.student_profiles (id, user_id, major, bio, student_id, university, faculty, academic_year, gpa, availability, looking_for, github, linkedin, portfolio, profile_picture_base64, languages, tools, roles, technical_skills, notification_preferences, ai_project_interests, collaboration_preferences, expected_graduation, other_links, personal_website) VALUES (28, 29, 'Mechanical Engineering', 'Mechanical Engineering student focused on First Year coursework and collaborative projects.', '20240028', 'An-Najah National University', 'Faculty of Engineering and Information Technology', 'First Year', 3.54, 'Available 10-15 hrs/week', 'Teammates and internships', NULL, NULL, NULL, NULL, '["Arabic","English"]', '[1,2]', '["Developer"]', '[1,2]', NULL, NULL, NULL, NULL, NULL, NULL);
INSERT INTO public.student_profiles (id, user_id, major, bio, student_id, university, faculty, academic_year, gpa, availability, looking_for, github, linkedin, portfolio, profile_picture_base64, languages, tools, roles, technical_skills, notification_preferences, ai_project_interests, collaboration_preferences, expected_graduation, other_links, personal_website) VALUES (29, 30, 'Mechanical Engineering', 'Mechanical Engineering student focused on Fifth Year coursework and collaborative projects.', '20240029', 'An-Najah National University', 'Faculty of Engineering and Information Technology', 'Fifth Year', 3.62, 'Available 10-15 hrs/week', 'Teammates and internships', NULL, NULL, NULL, NULL, '["Arabic","English"]', '[1,2]', '["Developer"]', '[1,2]', NULL, NULL, NULL, NULL, NULL, NULL);
INSERT INTO public.student_profiles (id, user_id, major, bio, student_id, university, faculty, academic_year, gpa, availability, looking_for, github, linkedin, portfolio, profile_picture_base64, languages, tools, roles, technical_skills, notification_preferences, ai_project_interests, collaboration_preferences, expected_graduation, other_links, personal_website) VALUES (30, 31, 'Business Administration', 'Business Administration student focused on Second Year coursework and collaborative projects.', '20240030', 'An-Najah National University', 'Faculty of Business and Economics', 'Second Year', 2.5, 'Available 10-15 hrs/week', 'Teammates and internships', NULL, NULL, NULL, NULL, '["Arabic","English"]', '[1,2]', '["Developer"]', '[1,2]', NULL, NULL, NULL, NULL, NULL, NULL);
INSERT INTO public.student_profiles (id, user_id, major, bio, student_id, university, faculty, academic_year, gpa, availability, looking_for, github, linkedin, portfolio, profile_picture_base64, languages, tools, roles, technical_skills, notification_preferences, ai_project_interests, collaboration_preferences, expected_graduation, other_links, personal_website) VALUES (31, 32, 'Business Administration', 'Business Administration student focused on Fourth Year coursework and collaborative projects.', '20240031', 'An-Najah National University', 'Faculty of Business and Economics', 'Fourth Year', 2.58, 'Available 10-15 hrs/week', 'Teammates and internships', NULL, NULL, NULL, NULL, '["Arabic","English"]', '[1,2]', '["Developer"]', '[1,2]', NULL, NULL, NULL, NULL, NULL, NULL);
INSERT INTO public.student_profiles (id, user_id, major, bio, student_id, university, faculty, academic_year, gpa, availability, looking_for, github, linkedin, portfolio, profile_picture_base64, languages, tools, roles, technical_skills, notification_preferences, ai_project_interests, collaboration_preferences, expected_graduation, other_links, personal_website) VALUES (32, 33, 'Accounting', 'Accounting student focused on First Year coursework and collaborative projects.', '20240032', 'An-Najah National University', 'Faculty of Business and Economics', 'First Year', 2.66, 'Available 10-15 hrs/week', 'Teammates and internships', NULL, NULL, NULL, NULL, '["Arabic","English"]', '[1,2]', '["Developer"]', '[1,2]', NULL, NULL, NULL, NULL, NULL, NULL);
INSERT INTO public.student_profiles (id, user_id, major, bio, student_id, university, faculty, academic_year, gpa, availability, looking_for, github, linkedin, portfolio, profile_picture_base64, languages, tools, roles, technical_skills, notification_preferences, ai_project_interests, collaboration_preferences, expected_graduation, other_links, personal_website) VALUES (33, 34, 'Accounting', 'Accounting student focused on Third Year coursework and collaborative projects.', '20240033', 'An-Najah National University', 'Faculty of Business and Economics', 'Third Year', 2.74, 'Available 10-15 hrs/week', 'Teammates and internships', NULL, NULL, NULL, NULL, '["Arabic","English"]', '[1,2]', '["Developer"]', '[1,2]', NULL, NULL, NULL, NULL, NULL, NULL);
INSERT INTO public.student_profiles (id, user_id, major, bio, student_id, university, faculty, academic_year, gpa, availability, looking_for, github, linkedin, portfolio, profile_picture_base64, languages, tools, roles, technical_skills, notification_preferences, ai_project_interests, collaboration_preferences, expected_graduation, other_links, personal_website) VALUES (34, 35, 'Accounting', 'Accounting student focused on Fifth Year coursework and collaborative projects.', '20240034', 'An-Najah National University', 'Faculty of Business and Economics', 'Fifth Year', 2.82, 'Available 10-15 hrs/week', 'Teammates and internships', NULL, NULL, NULL, NULL, '["Arabic","English"]', '[1,2]', '["Developer"]', '[1,2]', NULL, NULL, NULL, NULL, NULL, NULL);
INSERT INTO public.student_profiles (id, user_id, major, bio, student_id, university, faculty, academic_year, gpa, availability, looking_for, github, linkedin, portfolio, profile_picture_base64, languages, tools, roles, technical_skills, notification_preferences, ai_project_interests, collaboration_preferences, expected_graduation, other_links, personal_website) VALUES (35, 36, 'Marketing', 'Marketing student focused on Second Year coursework and collaborative projects.', '20240035', 'An-Najah National University', 'Faculty of Business and Economics', 'Second Year', 2.9, 'Available 10-15 hrs/week', 'Teammates and internships', NULL, NULL, NULL, NULL, '["Arabic","English"]', '[1,2]', '["Developer"]', '[1,2]', NULL, NULL, NULL, NULL, NULL, NULL);
INSERT INTO public.student_profiles (id, user_id, major, bio, student_id, university, faculty, academic_year, gpa, availability, looking_for, github, linkedin, portfolio, profile_picture_base64, languages, tools, roles, technical_skills, notification_preferences, ai_project_interests, collaboration_preferences, expected_graduation, other_links, personal_website) VALUES (36, 37, 'Marketing', 'Marketing student focused on Fourth Year coursework and collaborative projects.', '20240036', 'An-Najah National University', 'Faculty of Business and Economics', 'Fourth Year', 2.98, 'Available 10-15 hrs/week', 'Teammates and internships', NULL, NULL, NULL, NULL, '["Arabic","English"]', '[1,2]', '["Developer"]', '[1,2]', NULL, NULL, NULL, NULL, NULL, NULL);
INSERT INTO public.student_profiles (id, user_id, major, bio, student_id, university, faculty, academic_year, gpa, availability, looking_for, github, linkedin, portfolio, profile_picture_base64, languages, tools, roles, technical_skills, notification_preferences, ai_project_interests, collaboration_preferences, expected_graduation, other_links, personal_website) VALUES (37, 38, 'Medicine', 'Medicine student focused on Third Year coursework and collaborative projects.', '20240037', 'An-Najah National University', 'Faculty of Medicine and Health Sciences', 'Third Year', 3.06, 'Available 10-15 hrs/week', 'Teammates and internships', NULL, NULL, NULL, NULL, '["Arabic","English"]', '[1,2]', '["Developer"]', '[1,2]', NULL, NULL, NULL, NULL, NULL, NULL);
INSERT INTO public.student_profiles (id, user_id, major, bio, student_id, university, faculty, academic_year, gpa, availability, looking_for, github, linkedin, portfolio, profile_picture_base64, languages, tools, roles, technical_skills, notification_preferences, ai_project_interests, collaboration_preferences, expected_graduation, other_links, personal_website) VALUES (38, 39, 'Medicine', 'Medicine student focused on Fifth Year coursework and collaborative projects.', '20240038', 'An-Najah National University', 'Faculty of Medicine and Health Sciences', 'Fifth Year', 3.14, 'Available 10-15 hrs/week', 'Teammates and internships', NULL, NULL, NULL, NULL, '["Arabic","English"]', '[1,2]', '["Developer"]', '[1,2]', NULL, NULL, NULL, NULL, NULL, NULL);
INSERT INTO public.student_profiles (id, user_id, major, bio, student_id, university, faculty, academic_year, gpa, availability, looking_for, github, linkedin, portfolio, profile_picture_base64, languages, tools, roles, technical_skills, notification_preferences, ai_project_interests, collaboration_preferences, expected_graduation, other_links, personal_website) VALUES (39, 40, 'Nursing', 'Nursing student focused on First Year coursework and collaborative projects.', '20240039', 'An-Najah National University', 'Faculty of Medicine and Health Sciences', 'First Year', 3.22, 'Available 10-15 hrs/week', 'Teammates and internships', NULL, NULL, NULL, NULL, '["Arabic","English"]', '[1,2]', '["Developer"]', '[1,2]', NULL, NULL, NULL, NULL, NULL, NULL);
INSERT INTO public.student_profiles (id, user_id, major, bio, student_id, university, faculty, academic_year, gpa, availability, looking_for, github, linkedin, portfolio, profile_picture_base64, languages, tools, roles, technical_skills, notification_preferences, ai_project_interests, collaboration_preferences, expected_graduation, other_links, personal_website) VALUES (40, 41, 'Nursing', 'Nursing student focused on Fourth Year coursework and collaborative projects.', '20240040', 'An-Najah National University', 'Faculty of Medicine and Health Sciences', 'Fourth Year', 3.3, 'Available 10-15 hrs/week', 'Teammates and internships', NULL, NULL, NULL, NULL, '["Arabic","English"]', '[1,2]', '["Developer"]', '[1,2]', NULL, NULL, NULL, NULL, NULL, NULL);
INSERT INTO public.student_profiles (id, user_id, major, bio, student_id, university, faculty, academic_year, gpa, availability, looking_for, github, linkedin, portfolio, profile_picture_base64, languages, tools, roles, technical_skills, notification_preferences, ai_project_interests, collaboration_preferences, expected_graduation, other_links, personal_website) VALUES (41, 42, 'Pharmacy', 'Pharmacy student focused on Second Year coursework and collaborative projects.', '20240041', 'An-Najah National University', 'Faculty of Medicine and Health Sciences', 'Second Year', 3.38, 'Available 10-15 hrs/week', 'Teammates and internships', NULL, NULL, NULL, NULL, '["Arabic","English"]', '[1,2]', '["Developer"]', '[1,2]', NULL, NULL, NULL, NULL, NULL, NULL);
INSERT INTO public.student_profiles (id, user_id, major, bio, student_id, university, faculty, academic_year, gpa, availability, looking_for, github, linkedin, portfolio, profile_picture_base64, languages, tools, roles, technical_skills, notification_preferences, ai_project_interests, collaboration_preferences, expected_graduation, other_links, personal_website) VALUES (42, 43, 'Pharmacy', 'Pharmacy student focused on Fifth Year coursework and collaborative projects.', '20240042', 'An-Najah National University', 'Faculty of Medicine and Health Sciences', 'Fifth Year', 3.46, 'Available 10-15 hrs/week', 'Teammates and internships', NULL, NULL, NULL, NULL, '["Arabic","English"]', '[1,2]', '["Developer"]', '[1,2]', NULL, NULL, NULL, NULL, NULL, NULL);
INSERT INTO public.student_profiles (id, user_id, major, bio, student_id, university, faculty, academic_year, gpa, availability, looking_for, github, linkedin, portfolio, profile_picture_base64, languages, tools, roles, technical_skills, notification_preferences, ai_project_interests, collaboration_preferences, expected_graduation, other_links, personal_website) VALUES (43, 44, 'Architecture', 'Architecture student focused on Third Year coursework and collaborative projects.', '20240043', 'An-Najah National University', 'Faculty of Engineering and Architecture', 'Third Year', 3.54, 'Available 10-15 hrs/week', 'Teammates and internships', NULL, NULL, NULL, NULL, '["Arabic","English"]', '[1,2]', '["Developer"]', '[1,2]', NULL, NULL, NULL, NULL, NULL, NULL);
INSERT INTO public.student_profiles (id, user_id, major, bio, student_id, university, faculty, academic_year, gpa, availability, looking_for, github, linkedin, portfolio, profile_picture_base64, languages, tools, roles, technical_skills, notification_preferences, ai_project_interests, collaboration_preferences, expected_graduation, other_links, personal_website) VALUES (44, 45, 'Architecture', 'Architecture student focused on Fourth Year coursework and collaborative projects.', '20240044', 'An-Najah National University', 'Faculty of Engineering and Architecture', 'Fourth Year', 3.62, 'Available 10-15 hrs/week', 'Teammates and internships', NULL, NULL, NULL, NULL, '["Arabic","English"]', '[1,2]', '["Developer"]', '[1,2]', NULL, NULL, NULL, NULL, NULL, NULL);
INSERT INTO public.student_profiles (id, user_id, major, bio, student_id, university, faculty, academic_year, gpa, availability, looking_for, github, linkedin, portfolio, profile_picture_base64, languages, tools, roles, technical_skills, notification_preferences, ai_project_interests, collaboration_preferences, expected_graduation, other_links, personal_website) VALUES (45, 46, 'Software Engineering', 'Software Engineering student focused on Third Year coursework and collaborative projects.', '20240045', 'An-Najah National University', 'Faculty of Engineering and Information Technology', 'Third Year', 2.5, 'Available 10-15 hrs/week', 'Teammates and internships', NULL, NULL, NULL, NULL, '["Arabic","English"]', '[1,2]', '["Developer"]', '[1,2]', NULL, NULL, NULL, NULL, NULL, NULL);
-- student_association_profiles
INSERT INTO public.student_association_profiles (id, user_id, association_name, username, email, description, faculty, category, logo_url, instagram_url, facebook_url, linkedin_url, is_verified, created_at) VALUES (1, 71, 'IEEE An-Najah Student Branch', 'ieee-anajah', 'ieee-anajah@orgs.skillswap.ps', 'IEEE An-Najah Student Branch student organization at An-Najah.', 'Faculty of Engineering and Information Technology', 'Technical', NULL, NULL, NULL, NULL, true, '2026-06-11 12:00:00+03');
INSERT INTO public.student_association_profiles (id, user_id, association_name, username, email, description, faculty, category, logo_url, instagram_url, facebook_url, linkedin_url, is_verified, created_at) VALUES (2, 72, 'ACM An-Najah Student Chapter', 'acm-anajah', 'acm-anajah@orgs.skillswap.ps', 'ACM An-Najah Student Chapter student organization at An-Najah.', 'Faculty of Engineering and Information Technology', 'Technical', NULL, NULL, NULL, NULL, true, '2026-06-11 12:00:00+03');
INSERT INTO public.student_association_profiles (id, user_id, association_name, username, email, description, faculty, category, logo_url, instagram_url, facebook_url, linkedin_url, is_verified, created_at) VALUES (3, 73, 'Google Developer Student Club An-Najah', 'gdsc-anajah', 'gdsc-anajah@orgs.skillswap.ps', 'Google Developer Student Club An-Najah student organization at An-Najah.', 'Faculty of Engineering and Information Technology', 'Technical', NULL, NULL, NULL, NULL, true, '2026-06-11 12:00:00+03');
INSERT INTO public.student_association_profiles (id, user_id, association_name, username, email, description, faculty, category, logo_url, instagram_url, facebook_url, linkedin_url, is_verified, created_at) VALUES (4, 74, 'Cyber Security Club - An-Najah', 'cyber-anajah', 'cyber-anajah@orgs.skillswap.ps', 'Cyber Security Club - An-Najah student organization at An-Najah.', 'Faculty of Engineering and Information Technology', 'Technical', NULL, NULL, NULL, NULL, true, '2026-06-11 12:00:00+03');
INSERT INTO public.student_association_profiles (id, user_id, association_name, username, email, description, faculty, category, logo_url, instagram_url, facebook_url, linkedin_url, is_verified, created_at) VALUES (5, 75, 'Robotics Club - An-Najah', 'robotics-anajah', 'robotics-anajah@orgs.skillswap.ps', 'Robotics Club - An-Najah student organization at An-Najah.', 'Faculty of Engineering and Information Technology', 'Technical', NULL, NULL, NULL, NULL, true, '2026-06-11 12:00:00+03');
-- skills
INSERT INTO public.skills (id, name, category) VALUES (1, 'React', 'technical');
INSERT INTO public.skills (id, name, category) VALUES (2, 'TypeScript', 'technical');
INSERT INTO public.skills (id, name, category) VALUES (3, 'Python', 'technical');
INSERT INTO public.skills (id, name, category) VALUES (4, 'PostgreSQL', 'technical');
INSERT INTO public.skills (id, name, category) VALUES (5, 'Docker', 'tool');
INSERT INTO public.skills (id, name, category) VALUES (6, 'Machine Learning', 'technical');
INSERT INTO public.skills (id, name, category) VALUES (7, 'Node.js', 'technical');
INSERT INTO public.skills (id, name, category) VALUES (8, 'ASP.NET Core', 'technical');
INSERT INTO public.skills (id, name, category) VALUES (9, 'TensorFlow', 'technical');
INSERT INTO public.skills (id, name, category) VALUES (10, 'Cybersecurity', 'tool');
INSERT INTO public.skills (id, name, category) VALUES (11, 'IoT', 'technical');
INSERT INTO public.skills (id, name, category) VALUES (12, 'Azure', 'technical');
INSERT INTO public.skills (id, name, category) VALUES (13, 'Kubernetes', 'technical');
INSERT INTO public.skills (id, name, category) VALUES (14, 'SQL', 'technical');
INSERT INTO public.skills (id, name, category) VALUES (15, 'UX Design', 'tool');
INSERT INTO public.skills (id, name, category) VALUES (16, 'Flutter', 'technical');
INSERT INTO public.skills (id, name, category) VALUES (17, 'Java', 'technical');
INSERT INTO public.skills (id, name, category) VALUES (18, 'C#', 'technical');
INSERT INTO public.skills (id, name, category) VALUES (19, 'Penetration Testing', 'technical');
INSERT INTO public.skills (id, name, category) VALUES (20, 'NLP', 'tool');
INSERT INTO public.skills (id, name, category) VALUES (21, 'Power BI', 'technical');
INSERT INTO public.skills (id, name, category) VALUES (22, 'Embedded Systems', 'technical');
INSERT INTO public.skills (id, name, category) VALUES (23, 'MQTT', 'technical');
INSERT INTO public.skills (id, name, category) VALUES (24, 'Figma', 'technical');
INSERT INTO public.skills (id, name, category) VALUES (25, 'Angular', 'tool');
INSERT INTO public.skills (id, name, category) VALUES (26, 'Vue.js', 'technical');
INSERT INTO public.skills (id, name, category) VALUES (27, 'MongoDB', 'technical');
INSERT INTO public.skills (id, name, category) VALUES (28, 'Redis', 'technical');
INSERT INTO public.skills (id, name, category) VALUES (29, 'Git', 'technical');
INSERT INTO public.skills (id, name, category) VALUES (30, 'Linux', 'tool');
INSERT INTO public.skills (id, name, category) VALUES (31, 'Wireshark', 'technical');
INSERT INTO public.skills (id, name, category) VALUES (32, 'Cryptography', 'technical');
INSERT INTO public.skills (id, name, category) VALUES (33, 'Pandas', 'technical');
INSERT INTO public.skills (id, name, category) VALUES (34, 'Scikit-learn', 'technical');
INSERT INTO public.skills (id, name, category) VALUES (35, 'Arduino', 'tool');
INSERT INTO public.skills (id, name, category) VALUES (36, 'RTOS', 'technical');
INSERT INTO public.skills (id, name, category) VALUES (37, 'AWS', 'technical');
INSERT INTO public.skills (id, name, category) VALUES (38, 'CI/CD', 'technical');
INSERT INTO public.skills (id, name, category) VALUES (39, 'Terraform', 'technical');
INSERT INTO public.skills (id, name, category) VALUES (40, 'Accessibility', 'tool');
INSERT INTO public.skills (id, name, category) VALUES (41, 'Statistical Analysis', 'technical');
INSERT INTO public.skills (id, name, category) VALUES (42, 'Go', 'technical');
INSERT INTO public.skills (id, name, category) VALUES (43, 'Rust', 'technical');
INSERT INTO public.skills (id, name, category) VALUES (44, 'Swift', 'technical');
INSERT INTO public.skills (id, name, category) VALUES (45, 'Kotlin', 'tool');
INSERT INTO public.skills (id, name, category) VALUES (46, 'React Native', 'technical');
INSERT INTO public.skills (id, name, category) VALUES (47, 'Deep Learning', 'technical');
INSERT INTO public.skills (id, name, category) VALUES (48, 'Network Security', 'technical');
INSERT INTO public.skills (id, name, category) VALUES (49, 'Prototyping', 'technical');
INSERT INTO public.skills (id, name, category) VALUES (50, 'User Research', 'tool');
-- student_skills
INSERT INTO public.student_skills (id, student_id, skill_id, level) VALUES (1, 1, 4, 2);
INSERT INTO public.student_skills (id, student_id, skill_id, level) VALUES (2, 1, 8, 2);
INSERT INTO public.student_skills (id, student_id, skill_id, level) VALUES (3, 2, 7, 3);
INSERT INTO public.student_skills (id, student_id, skill_id, level) VALUES (4, 2, 15, 3);
INSERT INTO public.student_skills (id, student_id, skill_id, level) VALUES (5, 3, 10, 1);
INSERT INTO public.student_skills (id, student_id, skill_id, level) VALUES (6, 3, 22, 1);
INSERT INTO public.student_skills (id, student_id, skill_id, level) VALUES (7, 4, 13, 2);
INSERT INTO public.student_skills (id, student_id, skill_id, level) VALUES (8, 4, 29, 2);
INSERT INTO public.student_skills (id, student_id, skill_id, level) VALUES (9, 5, 16, 3);
INSERT INTO public.student_skills (id, student_id, skill_id, level) VALUES (10, 5, 36, 3);
INSERT INTO public.student_skills (id, student_id, skill_id, level) VALUES (11, 6, 19, 1);
INSERT INTO public.student_skills (id, student_id, skill_id, level) VALUES (12, 6, 43, 1);
INSERT INTO public.student_skills (id, student_id, skill_id, level) VALUES (13, 7, 22, 2);
INSERT INTO public.student_skills (id, student_id, skill_id, level) VALUES (14, 7, 50, 2);
INSERT INTO public.student_skills (id, student_id, skill_id, level) VALUES (15, 8, 25, 3);
INSERT INTO public.student_skills (id, student_id, skill_id, level) VALUES (16, 8, 7, 3);
INSERT INTO public.student_skills (id, student_id, skill_id, level) VALUES (17, 9, 28, 1);
INSERT INTO public.student_skills (id, student_id, skill_id, level) VALUES (18, 9, 14, 1);
INSERT INTO public.student_skills (id, student_id, skill_id, level) VALUES (19, 10, 31, 2);
INSERT INTO public.student_skills (id, student_id, skill_id, level) VALUES (20, 10, 21, 2);
INSERT INTO public.student_skills (id, student_id, skill_id, level) VALUES (21, 11, 34, 3);
INSERT INTO public.student_skills (id, student_id, skill_id, level) VALUES (22, 11, 28, 3);
INSERT INTO public.student_skills (id, student_id, skill_id, level) VALUES (23, 12, 37, 1);
INSERT INTO public.student_skills (id, student_id, skill_id, level) VALUES (24, 12, 35, 1);
INSERT INTO public.student_skills (id, student_id, skill_id, level) VALUES (25, 13, 40, 2);
INSERT INTO public.student_skills (id, student_id, skill_id, level) VALUES (26, 13, 42, 2);
INSERT INTO public.student_skills (id, student_id, skill_id, level) VALUES (27, 14, 43, 3);
INSERT INTO public.student_skills (id, student_id, skill_id, level) VALUES (28, 14, 49, 3);
INSERT INTO public.student_skills (id, student_id, skill_id, level) VALUES (29, 15, 46, 1);
INSERT INTO public.student_skills (id, student_id, skill_id, level) VALUES (30, 15, 6, 1);
INSERT INTO public.student_skills (id, student_id, skill_id, level) VALUES (31, 16, 49, 2);
INSERT INTO public.student_skills (id, student_id, skill_id, level) VALUES (32, 16, 13, 2);
INSERT INTO public.student_skills (id, student_id, skill_id, level) VALUES (33, 17, 2, 3);
INSERT INTO public.student_skills (id, student_id, skill_id, level) VALUES (34, 17, 20, 3);
INSERT INTO public.student_skills (id, student_id, skill_id, level) VALUES (35, 18, 5, 1);
INSERT INTO public.student_skills (id, student_id, skill_id, level) VALUES (36, 18, 27, 1);
INSERT INTO public.student_skills (id, student_id, skill_id, level) VALUES (37, 19, 8, 2);
INSERT INTO public.student_skills (id, student_id, skill_id, level) VALUES (38, 19, 34, 2);
INSERT INTO public.student_skills (id, student_id, skill_id, level) VALUES (39, 20, 11, 3);
INSERT INTO public.student_skills (id, student_id, skill_id, level) VALUES (40, 20, 41, 3);
INSERT INTO public.student_skills (id, student_id, skill_id, level) VALUES (41, 21, 14, 1);
INSERT INTO public.student_skills (id, student_id, skill_id, level) VALUES (42, 21, 48, 1);
INSERT INTO public.student_skills (id, student_id, skill_id, level) VALUES (43, 22, 17, 2);
INSERT INTO public.student_skills (id, student_id, skill_id, level) VALUES (44, 22, 5, 2);
INSERT INTO public.student_skills (id, student_id, skill_id, level) VALUES (45, 23, 20, 3);
INSERT INTO public.student_skills (id, student_id, skill_id, level) VALUES (46, 23, 12, 3);
INSERT INTO public.student_skills (id, student_id, skill_id, level) VALUES (47, 24, 23, 1);
INSERT INTO public.student_skills (id, student_id, skill_id, level) VALUES (48, 24, 19, 1);
INSERT INTO public.student_skills (id, student_id, skill_id, level) VALUES (49, 25, 26, 2);
INSERT INTO public.student_skills (id, student_id, skill_id, level) VALUES (50, 26, 29, 3);
INSERT INTO public.student_skills (id, student_id, skill_id, level) VALUES (51, 26, 33, 3);
INSERT INTO public.student_skills (id, student_id, skill_id, level) VALUES (52, 27, 32, 1);
INSERT INTO public.student_skills (id, student_id, skill_id, level) VALUES (53, 27, 40, 1);
INSERT INTO public.student_skills (id, student_id, skill_id, level) VALUES (54, 28, 35, 2);
INSERT INTO public.student_skills (id, student_id, skill_id, level) VALUES (55, 28, 47, 2);
INSERT INTO public.student_skills (id, student_id, skill_id, level) VALUES (56, 29, 38, 3);
INSERT INTO public.student_skills (id, student_id, skill_id, level) VALUES (57, 29, 4, 3);
INSERT INTO public.student_skills (id, student_id, skill_id, level) VALUES (58, 30, 41, 1);
INSERT INTO public.student_skills (id, student_id, skill_id, level) VALUES (59, 30, 11, 1);
INSERT INTO public.student_skills (id, student_id, skill_id, level) VALUES (60, 31, 44, 2);
INSERT INTO public.student_skills (id, student_id, skill_id, level) VALUES (61, 31, 18, 2);
INSERT INTO public.student_skills (id, student_id, skill_id, level) VALUES (62, 32, 47, 3);
INSERT INTO public.student_skills (id, student_id, skill_id, level) VALUES (63, 32, 25, 3);
INSERT INTO public.student_skills (id, student_id, skill_id, level) VALUES (64, 33, 50, 1);
INSERT INTO public.student_skills (id, student_id, skill_id, level) VALUES (65, 33, 32, 1);
INSERT INTO public.student_skills (id, student_id, skill_id, level) VALUES (66, 34, 3, 2);
INSERT INTO public.student_skills (id, student_id, skill_id, level) VALUES (67, 34, 39, 2);
INSERT INTO public.student_skills (id, student_id, skill_id, level) VALUES (68, 35, 6, 3);
INSERT INTO public.student_skills (id, student_id, skill_id, level) VALUES (69, 35, 46, 3);
INSERT INTO public.student_skills (id, student_id, skill_id, level) VALUES (70, 36, 9, 1);
INSERT INTO public.student_skills (id, student_id, skill_id, level) VALUES (71, 36, 3, 1);
INSERT INTO public.student_skills (id, student_id, skill_id, level) VALUES (72, 37, 12, 2);
INSERT INTO public.student_skills (id, student_id, skill_id, level) VALUES (73, 37, 10, 2);
INSERT INTO public.student_skills (id, student_id, skill_id, level) VALUES (74, 38, 15, 3);
INSERT INTO public.student_skills (id, student_id, skill_id, level) VALUES (75, 38, 17, 3);
INSERT INTO public.student_skills (id, student_id, skill_id, level) VALUES (76, 39, 18, 1);
INSERT INTO public.student_skills (id, student_id, skill_id, level) VALUES (77, 39, 24, 1);
INSERT INTO public.student_skills (id, student_id, skill_id, level) VALUES (78, 40, 21, 2);
INSERT INTO public.student_skills (id, student_id, skill_id, level) VALUES (79, 40, 31, 2);
INSERT INTO public.student_skills (id, student_id, skill_id, level) VALUES (80, 41, 24, 3);
INSERT INTO public.student_skills (id, student_id, skill_id, level) VALUES (81, 41, 38, 3);
INSERT INTO public.student_skills (id, student_id, skill_id, level) VALUES (82, 42, 27, 1);
INSERT INTO public.student_skills (id, student_id, skill_id, level) VALUES (83, 42, 45, 1);
INSERT INTO public.student_skills (id, student_id, skill_id, level) VALUES (84, 43, 30, 2);
INSERT INTO public.student_skills (id, student_id, skill_id, level) VALUES (85, 43, 2, 2);
INSERT INTO public.student_skills (id, student_id, skill_id, level) VALUES (86, 44, 33, 3);
INSERT INTO public.student_skills (id, student_id, skill_id, level) VALUES (87, 44, 9, 3);
INSERT INTO public.student_skills (id, student_id, skill_id, level) VALUES (88, 45, 36, 1);
INSERT INTO public.student_skills (id, student_id, skill_id, level) VALUES (89, 45, 16, 1);
-- courses
INSERT INTO public.courses ("Id", "Name", "Code", "Semester", "CreatedAt", "DoctorId", "AcademicYear", "AllowAiTeamSuggestions", "AllowCourseProjects", "AllowStudentCollaboration", "AllowTeamFormation", "DefaultTeamFormationStrategy", "Description") VALUES (1, 'Advanced Software Architecture', 'SE401', 'Fall 2025', '2026-06-11 12:00:00+03', 1, NULL, true, true, true, true, 'doctor', NULL);
INSERT INTO public.courses ("Id", "Name", "Code", "Semester", "CreatedAt", "DoctorId", "AcademicYear", "AllowAiTeamSuggestions", "AllowCourseProjects", "AllowStudentCollaboration", "AllowTeamFormation", "DefaultTeamFormationStrategy", "Description") VALUES (2, 'Machine Learning Fundamentals', 'CS350', 'Fall 2025', '2026-06-11 12:00:00+03', 2, NULL, true, true, true, true, 'doctor', NULL);
INSERT INTO public.courses ("Id", "Name", "Code", "Semester", "CreatedAt", "DoctorId", "AcademicYear", "AllowAiTeamSuggestions", "AllowCourseProjects", "AllowStudentCollaboration", "AllowTeamFormation", "DefaultTeamFormationStrategy", "Description") VALUES (3, 'Embedded Systems Design', 'CE320', 'Fall 2025', '2026-06-11 12:00:00+03', 3, NULL, true, true, true, true, 'doctor', NULL);
INSERT INTO public.courses ("Id", "Name", "Code", "Semester", "CreatedAt", "DoctorId", "AcademicYear", "AllowAiTeamSuggestions", "AllowCourseProjects", "AllowStudentCollaboration", "AllowTeamFormation", "DefaultTeamFormationStrategy", "Description") VALUES (4, 'Cloud Infrastructure', 'IT310', 'Fall 2025', '2026-06-11 12:00:00+03', 4, NULL, true, true, true, true, 'doctor', NULL);
INSERT INTO public.courses ("Id", "Name", "Code", "Semester", "CreatedAt", "DoctorId", "AcademicYear", "AllowAiTeamSuggestions", "AllowCourseProjects", "AllowStudentCollaboration", "AllowTeamFormation", "DefaultTeamFormationStrategy", "Description") VALUES (5, 'Ethical Hacking Lab', 'CY301', 'Fall 2025', '2026-06-11 12:00:00+03', 5, NULL, true, true, true, true, 'doctor', NULL);
INSERT INTO public.courses ("Id", "Name", "Code", "Semester", "CreatedAt", "DoctorId", "AcademicYear", "AllowAiTeamSuggestions", "AllowCourseProjects", "AllowStudentCollaboration", "AllowTeamFormation", "DefaultTeamFormationStrategy", "Description") VALUES (6, 'Data Mining & Visualization', 'DS340', 'Fall 2025', '2026-06-11 12:00:00+03', 6, NULL, true, true, true, true, 'doctor', NULL);
INSERT INTO public.courses ("Id", "Name", "Code", "Semester", "CreatedAt", "DoctorId", "AcademicYear", "AllowAiTeamSuggestions", "AllowCourseProjects", "AllowStudentCollaboration", "AllowTeamFormation", "DefaultTeamFormationStrategy", "Description") VALUES (7, 'Power Electronics', 'EE305', 'Fall 2025', '2026-06-11 12:00:00+03', 7, NULL, true, true, true, true, 'doctor', NULL);
INSERT INTO public.courses ("Id", "Name", "Code", "Semester", "CreatedAt", "DoctorId", "AcademicYear", "AllowAiTeamSuggestions", "AllowCourseProjects", "AllowStudentCollaboration", "AllowTeamFormation", "DefaultTeamFormationStrategy", "Description") VALUES (8, 'Operations Research', 'IE330', 'Fall 2025', '2026-06-11 12:00:00+03', 8, NULL, true, true, true, true, 'doctor', NULL);
INSERT INTO public.courses ("Id", "Name", "Code", "Semester", "CreatedAt", "DoctorId", "AcademicYear", "AllowAiTeamSuggestions", "AllowCourseProjects", "AllowStudentCollaboration", "AllowTeamFormation", "DefaultTeamFormationStrategy", "Description") VALUES (9, 'Digital Business Strategy', 'BA360', 'Fall 2025', '2026-06-11 12:00:00+03', 9, NULL, true, true, true, true, 'doctor', NULL);
INSERT INTO public.courses ("Id", "Name", "Code", "Semester", "CreatedAt", "DoctorId", "AcademicYear", "AllowAiTeamSuggestions", "AllowCourseProjects", "AllowStudentCollaboration", "AllowTeamFormation", "DefaultTeamFormationStrategy", "Description") VALUES (10, 'BIM for Architectural Design', 'AR315', 'Fall 2025', '2026-06-11 12:00:00+03', 10, NULL, true, true, true, true, 'doctor', NULL);
-- course_sections
INSERT INTO public.course_sections ("Id", "CourseId", "Name", "Days", "TimeFrom", "TimeTo", "Capacity", "CreatedAt") VALUES (1, 1, 'Section A', '["Sunday","Tuesday"]', '09:00', '10:30', 40, '2026-06-11 12:00:00+03');
INSERT INTO public.course_sections ("Id", "CourseId", "Name", "Days", "TimeFrom", "TimeTo", "Capacity", "CreatedAt") VALUES (2, 1, 'Section B', '["Sunday","Tuesday"]', '09:00', '10:30', 40, '2026-06-11 12:00:00+03');
INSERT INTO public.course_sections ("Id", "CourseId", "Name", "Days", "TimeFrom", "TimeTo", "Capacity", "CreatedAt") VALUES (3, 2, 'Section A', '["Sunday","Tuesday"]', '09:00', '10:30', 40, '2026-06-11 12:00:00+03');
INSERT INTO public.course_sections ("Id", "CourseId", "Name", "Days", "TimeFrom", "TimeTo", "Capacity", "CreatedAt") VALUES (4, 2, 'Section B', '["Sunday","Tuesday"]', '09:00', '10:30', 40, '2026-06-11 12:00:00+03');
INSERT INTO public.course_sections ("Id", "CourseId", "Name", "Days", "TimeFrom", "TimeTo", "Capacity", "CreatedAt") VALUES (5, 3, 'Section A', '["Sunday","Tuesday"]', '09:00', '10:30', 40, '2026-06-11 12:00:00+03');
INSERT INTO public.course_sections ("Id", "CourseId", "Name", "Days", "TimeFrom", "TimeTo", "Capacity", "CreatedAt") VALUES (6, 3, 'Section B', '["Sunday","Tuesday"]', '09:00', '10:30', 40, '2026-06-11 12:00:00+03');
INSERT INTO public.course_sections ("Id", "CourseId", "Name", "Days", "TimeFrom", "TimeTo", "Capacity", "CreatedAt") VALUES (7, 4, 'Section A', '["Sunday","Tuesday"]', '09:00', '10:30', 40, '2026-06-11 12:00:00+03');
INSERT INTO public.course_sections ("Id", "CourseId", "Name", "Days", "TimeFrom", "TimeTo", "Capacity", "CreatedAt") VALUES (8, 4, 'Section B', '["Sunday","Tuesday"]', '09:00', '10:30', 40, '2026-06-11 12:00:00+03');
INSERT INTO public.course_sections ("Id", "CourseId", "Name", "Days", "TimeFrom", "TimeTo", "Capacity", "CreatedAt") VALUES (9, 5, 'Section A', '["Sunday","Tuesday"]', '09:00', '10:30', 40, '2026-06-11 12:00:00+03');
INSERT INTO public.course_sections ("Id", "CourseId", "Name", "Days", "TimeFrom", "TimeTo", "Capacity", "CreatedAt") VALUES (10, 5, 'Section B', '["Sunday","Tuesday"]', '09:00', '10:30', 40, '2026-06-11 12:00:00+03');
INSERT INTO public.course_sections ("Id", "CourseId", "Name", "Days", "TimeFrom", "TimeTo", "Capacity", "CreatedAt") VALUES (11, 6, 'Section A', '["Sunday","Tuesday"]', '09:00', '10:30', 40, '2026-06-11 12:00:00+03');
INSERT INTO public.course_sections ("Id", "CourseId", "Name", "Days", "TimeFrom", "TimeTo", "Capacity", "CreatedAt") VALUES (12, 6, 'Section B', '["Sunday","Tuesday"]', '09:00', '10:30', 40, '2026-06-11 12:00:00+03');
INSERT INTO public.course_sections ("Id", "CourseId", "Name", "Days", "TimeFrom", "TimeTo", "Capacity", "CreatedAt") VALUES (13, 7, 'Section A', '["Sunday","Tuesday"]', '09:00', '10:30', 40, '2026-06-11 12:00:00+03');
INSERT INTO public.course_sections ("Id", "CourseId", "Name", "Days", "TimeFrom", "TimeTo", "Capacity", "CreatedAt") VALUES (14, 7, 'Section B', '["Sunday","Tuesday"]', '09:00', '10:30', 40, '2026-06-11 12:00:00+03');
INSERT INTO public.course_sections ("Id", "CourseId", "Name", "Days", "TimeFrom", "TimeTo", "Capacity", "CreatedAt") VALUES (15, 8, 'Section A', '["Sunday","Tuesday"]', '09:00', '10:30', 40, '2026-06-11 12:00:00+03');
INSERT INTO public.course_sections ("Id", "CourseId", "Name", "Days", "TimeFrom", "TimeTo", "Capacity", "CreatedAt") VALUES (16, 8, 'Section B', '["Sunday","Tuesday"]', '09:00', '10:30', 40, '2026-06-11 12:00:00+03');
INSERT INTO public.course_sections ("Id", "CourseId", "Name", "Days", "TimeFrom", "TimeTo", "Capacity", "CreatedAt") VALUES (17, 9, 'Section A', '["Sunday","Tuesday"]', '09:00', '10:30', 40, '2026-06-11 12:00:00+03');
INSERT INTO public.course_sections ("Id", "CourseId", "Name", "Days", "TimeFrom", "TimeTo", "Capacity", "CreatedAt") VALUES (18, 9, 'Section B', '["Sunday","Tuesday"]', '09:00', '10:30', 40, '2026-06-11 12:00:00+03');
INSERT INTO public.course_sections ("Id", "CourseId", "Name", "Days", "TimeFrom", "TimeTo", "Capacity", "CreatedAt") VALUES (19, 10, 'Section A', '["Sunday","Tuesday"]', '09:00', '10:30', 40, '2026-06-11 12:00:00+03');
INSERT INTO public.course_sections ("Id", "CourseId", "Name", "Days", "TimeFrom", "TimeTo", "Capacity", "CreatedAt") VALUES (20, 10, 'Section B', '["Sunday","Tuesday"]', '09:00', '10:30', 40, '2026-06-11 12:00:00+03');
-- section_enrollments
INSERT INTO public.section_enrollments ("Id", "CourseSectionId", "StudentProfileId", "EnrolledAt") VALUES (1, 2, 1, '2026-06-11 12:00:00+03');
INSERT INTO public.section_enrollments ("Id", "CourseSectionId", "StudentProfileId", "EnrolledAt") VALUES (2, 4, 1, '2026-06-11 12:00:00+03');
INSERT INTO public.section_enrollments ("Id", "CourseSectionId", "StudentProfileId", "EnrolledAt") VALUES (3, 6, 1, '2026-06-11 12:00:00+03');
INSERT INTO public.section_enrollments ("Id", "CourseSectionId", "StudentProfileId", "EnrolledAt") VALUES (4, 8, 1, '2026-06-11 12:00:00+03');
INSERT INTO public.section_enrollments ("Id", "CourseSectionId", "StudentProfileId", "EnrolledAt") VALUES (5, 3, 2, '2026-06-11 12:00:00+03');
INSERT INTO public.section_enrollments ("Id", "CourseSectionId", "StudentProfileId", "EnrolledAt") VALUES (6, 5, 2, '2026-06-11 12:00:00+03');
INSERT INTO public.section_enrollments ("Id", "CourseSectionId", "StudentProfileId", "EnrolledAt") VALUES (7, 7, 2, '2026-06-11 12:00:00+03');
INSERT INTO public.section_enrollments ("Id", "CourseSectionId", "StudentProfileId", "EnrolledAt") VALUES (8, 9, 2, '2026-06-11 12:00:00+03');
INSERT INTO public.section_enrollments ("Id", "CourseSectionId", "StudentProfileId", "EnrolledAt") VALUES (9, 6, 3, '2026-06-11 12:00:00+03');
INSERT INTO public.section_enrollments ("Id", "CourseSectionId", "StudentProfileId", "EnrolledAt") VALUES (10, 8, 3, '2026-06-11 12:00:00+03');
INSERT INTO public.section_enrollments ("Id", "CourseSectionId", "StudentProfileId", "EnrolledAt") VALUES (11, 10, 3, '2026-06-11 12:00:00+03');
INSERT INTO public.section_enrollments ("Id", "CourseSectionId", "StudentProfileId", "EnrolledAt") VALUES (12, 12, 3, '2026-06-11 12:00:00+03');
INSERT INTO public.section_enrollments ("Id", "CourseSectionId", "StudentProfileId", "EnrolledAt") VALUES (13, 7, 4, '2026-06-11 12:00:00+03');
INSERT INTO public.section_enrollments ("Id", "CourseSectionId", "StudentProfileId", "EnrolledAt") VALUES (14, 9, 4, '2026-06-11 12:00:00+03');
INSERT INTO public.section_enrollments ("Id", "CourseSectionId", "StudentProfileId", "EnrolledAt") VALUES (15, 11, 4, '2026-06-11 12:00:00+03');
INSERT INTO public.section_enrollments ("Id", "CourseSectionId", "StudentProfileId", "EnrolledAt") VALUES (16, 10, 5, '2026-06-11 12:00:00+03');
INSERT INTO public.section_enrollments ("Id", "CourseSectionId", "StudentProfileId", "EnrolledAt") VALUES (17, 12, 5, '2026-06-11 12:00:00+03');
INSERT INTO public.section_enrollments ("Id", "CourseSectionId", "StudentProfileId", "EnrolledAt") VALUES (18, 14, 5, '2026-06-11 12:00:00+03');
INSERT INTO public.section_enrollments ("Id", "CourseSectionId", "StudentProfileId", "EnrolledAt") VALUES (19, 11, 6, '2026-06-11 12:00:00+03');
INSERT INTO public.section_enrollments ("Id", "CourseSectionId", "StudentProfileId", "EnrolledAt") VALUES (20, 13, 6, '2026-06-11 12:00:00+03');
INSERT INTO public.section_enrollments ("Id", "CourseSectionId", "StudentProfileId", "EnrolledAt") VALUES (21, 15, 6, '2026-06-11 12:00:00+03');
INSERT INTO public.section_enrollments ("Id", "CourseSectionId", "StudentProfileId", "EnrolledAt") VALUES (22, 17, 6, '2026-06-11 12:00:00+03');
INSERT INTO public.section_enrollments ("Id", "CourseSectionId", "StudentProfileId", "EnrolledAt") VALUES (23, 14, 7, '2026-06-11 12:00:00+03');
INSERT INTO public.section_enrollments ("Id", "CourseSectionId", "StudentProfileId", "EnrolledAt") VALUES (24, 16, 7, '2026-06-11 12:00:00+03');
INSERT INTO public.section_enrollments ("Id", "CourseSectionId", "StudentProfileId", "EnrolledAt") VALUES (25, 18, 7, '2026-06-11 12:00:00+03');
INSERT INTO public.section_enrollments ("Id", "CourseSectionId", "StudentProfileId", "EnrolledAt") VALUES (26, 20, 7, '2026-06-11 12:00:00+03');
INSERT INTO public.section_enrollments ("Id", "CourseSectionId", "StudentProfileId", "EnrolledAt") VALUES (27, 15, 8, '2026-06-11 12:00:00+03');
INSERT INTO public.section_enrollments ("Id", "CourseSectionId", "StudentProfileId", "EnrolledAt") VALUES (28, 17, 8, '2026-06-11 12:00:00+03');
INSERT INTO public.section_enrollments ("Id", "CourseSectionId", "StudentProfileId", "EnrolledAt") VALUES (29, 19, 8, '2026-06-11 12:00:00+03');
INSERT INTO public.section_enrollments ("Id", "CourseSectionId", "StudentProfileId", "EnrolledAt") VALUES (30, 18, 9, '2026-06-11 12:00:00+03');
INSERT INTO public.section_enrollments ("Id", "CourseSectionId", "StudentProfileId", "EnrolledAt") VALUES (31, 20, 9, '2026-06-11 12:00:00+03');
INSERT INTO public.section_enrollments ("Id", "CourseSectionId", "StudentProfileId", "EnrolledAt") VALUES (32, 2, 9, '2026-06-11 12:00:00+03');
INSERT INTO public.section_enrollments ("Id", "CourseSectionId", "StudentProfileId", "EnrolledAt") VALUES (33, 4, 9, '2026-06-11 12:00:00+03');
INSERT INTO public.section_enrollments ("Id", "CourseSectionId", "StudentProfileId", "EnrolledAt") VALUES (34, 19, 10, '2026-06-11 12:00:00+03');
INSERT INTO public.section_enrollments ("Id", "CourseSectionId", "StudentProfileId", "EnrolledAt") VALUES (35, 1, 10, '2026-06-11 12:00:00+03');
INSERT INTO public.section_enrollments ("Id", "CourseSectionId", "StudentProfileId", "EnrolledAt") VALUES (36, 3, 10, '2026-06-11 12:00:00+03');
INSERT INTO public.section_enrollments ("Id", "CourseSectionId", "StudentProfileId", "EnrolledAt") VALUES (37, 5, 10, '2026-06-11 12:00:00+03');
INSERT INTO public.section_enrollments ("Id", "CourseSectionId", "StudentProfileId", "EnrolledAt") VALUES (38, 2, 11, '2026-06-11 12:00:00+03');
INSERT INTO public.section_enrollments ("Id", "CourseSectionId", "StudentProfileId", "EnrolledAt") VALUES (39, 4, 11, '2026-06-11 12:00:00+03');
INSERT INTO public.section_enrollments ("Id", "CourseSectionId", "StudentProfileId", "EnrolledAt") VALUES (40, 6, 11, '2026-06-11 12:00:00+03');
INSERT INTO public.section_enrollments ("Id", "CourseSectionId", "StudentProfileId", "EnrolledAt") VALUES (41, 3, 12, '2026-06-11 12:00:00+03');
INSERT INTO public.section_enrollments ("Id", "CourseSectionId", "StudentProfileId", "EnrolledAt") VALUES (42, 5, 12, '2026-06-11 12:00:00+03');
INSERT INTO public.section_enrollments ("Id", "CourseSectionId", "StudentProfileId", "EnrolledAt") VALUES (43, 7, 12, '2026-06-11 12:00:00+03');
INSERT INTO public.section_enrollments ("Id", "CourseSectionId", "StudentProfileId", "EnrolledAt") VALUES (44, 6, 13, '2026-06-11 12:00:00+03');
INSERT INTO public.section_enrollments ("Id", "CourseSectionId", "StudentProfileId", "EnrolledAt") VALUES (45, 8, 13, '2026-06-11 12:00:00+03');
INSERT INTO public.section_enrollments ("Id", "CourseSectionId", "StudentProfileId", "EnrolledAt") VALUES (46, 10, 13, '2026-06-11 12:00:00+03');
INSERT INTO public.section_enrollments ("Id", "CourseSectionId", "StudentProfileId", "EnrolledAt") VALUES (47, 12, 13, '2026-06-11 12:00:00+03');
INSERT INTO public.section_enrollments ("Id", "CourseSectionId", "StudentProfileId", "EnrolledAt") VALUES (48, 7, 14, '2026-06-11 12:00:00+03');
INSERT INTO public.section_enrollments ("Id", "CourseSectionId", "StudentProfileId", "EnrolledAt") VALUES (49, 9, 14, '2026-06-11 12:00:00+03');
INSERT INTO public.section_enrollments ("Id", "CourseSectionId", "StudentProfileId", "EnrolledAt") VALUES (50, 11, 14, '2026-06-11 12:00:00+03');
INSERT INTO public.section_enrollments ("Id", "CourseSectionId", "StudentProfileId", "EnrolledAt") VALUES (51, 13, 14, '2026-06-11 12:00:00+03');
INSERT INTO public.section_enrollments ("Id", "CourseSectionId", "StudentProfileId", "EnrolledAt") VALUES (52, 10, 15, '2026-06-11 12:00:00+03');
INSERT INTO public.section_enrollments ("Id", "CourseSectionId", "StudentProfileId", "EnrolledAt") VALUES (53, 12, 15, '2026-06-11 12:00:00+03');
INSERT INTO public.section_enrollments ("Id", "CourseSectionId", "StudentProfileId", "EnrolledAt") VALUES (54, 14, 15, '2026-06-11 12:00:00+03');
INSERT INTO public.section_enrollments ("Id", "CourseSectionId", "StudentProfileId", "EnrolledAt") VALUES (55, 11, 16, '2026-06-11 12:00:00+03');
INSERT INTO public.section_enrollments ("Id", "CourseSectionId", "StudentProfileId", "EnrolledAt") VALUES (56, 13, 16, '2026-06-11 12:00:00+03');
INSERT INTO public.section_enrollments ("Id", "CourseSectionId", "StudentProfileId", "EnrolledAt") VALUES (57, 15, 16, '2026-06-11 12:00:00+03');
INSERT INTO public.section_enrollments ("Id", "CourseSectionId", "StudentProfileId", "EnrolledAt") VALUES (58, 17, 16, '2026-06-11 12:00:00+03');
INSERT INTO public.section_enrollments ("Id", "CourseSectionId", "StudentProfileId", "EnrolledAt") VALUES (59, 14, 17, '2026-06-11 12:00:00+03');
INSERT INTO public.section_enrollments ("Id", "CourseSectionId", "StudentProfileId", "EnrolledAt") VALUES (60, 16, 17, '2026-06-11 12:00:00+03');
INSERT INTO public.section_enrollments ("Id", "CourseSectionId", "StudentProfileId", "EnrolledAt") VALUES (61, 18, 17, '2026-06-11 12:00:00+03');
INSERT INTO public.section_enrollments ("Id", "CourseSectionId", "StudentProfileId", "EnrolledAt") VALUES (62, 15, 18, '2026-06-11 12:00:00+03');
INSERT INTO public.section_enrollments ("Id", "CourseSectionId", "StudentProfileId", "EnrolledAt") VALUES (63, 17, 18, '2026-06-11 12:00:00+03');
INSERT INTO public.section_enrollments ("Id", "CourseSectionId", "StudentProfileId", "EnrolledAt") VALUES (64, 19, 18, '2026-06-11 12:00:00+03');
INSERT INTO public.section_enrollments ("Id", "CourseSectionId", "StudentProfileId", "EnrolledAt") VALUES (65, 18, 19, '2026-06-11 12:00:00+03');
INSERT INTO public.section_enrollments ("Id", "CourseSectionId", "StudentProfileId", "EnrolledAt") VALUES (66, 20, 19, '2026-06-11 12:00:00+03');
INSERT INTO public.section_enrollments ("Id", "CourseSectionId", "StudentProfileId", "EnrolledAt") VALUES (67, 2, 19, '2026-06-11 12:00:00+03');
INSERT INTO public.section_enrollments ("Id", "CourseSectionId", "StudentProfileId", "EnrolledAt") VALUES (68, 4, 19, '2026-06-11 12:00:00+03');
INSERT INTO public.section_enrollments ("Id", "CourseSectionId", "StudentProfileId", "EnrolledAt") VALUES (69, 19, 20, '2026-06-11 12:00:00+03');
INSERT INTO public.section_enrollments ("Id", "CourseSectionId", "StudentProfileId", "EnrolledAt") VALUES (70, 1, 20, '2026-06-11 12:00:00+03');
INSERT INTO public.section_enrollments ("Id", "CourseSectionId", "StudentProfileId", "EnrolledAt") VALUES (71, 3, 20, '2026-06-11 12:00:00+03');
INSERT INTO public.section_enrollments ("Id", "CourseSectionId", "StudentProfileId", "EnrolledAt") VALUES (72, 5, 20, '2026-06-11 12:00:00+03');
INSERT INTO public.section_enrollments ("Id", "CourseSectionId", "StudentProfileId", "EnrolledAt") VALUES (73, 2, 21, '2026-06-11 12:00:00+03');
INSERT INTO public.section_enrollments ("Id", "CourseSectionId", "StudentProfileId", "EnrolledAt") VALUES (74, 4, 21, '2026-06-11 12:00:00+03');
INSERT INTO public.section_enrollments ("Id", "CourseSectionId", "StudentProfileId", "EnrolledAt") VALUES (75, 6, 21, '2026-06-11 12:00:00+03');
INSERT INTO public.section_enrollments ("Id", "CourseSectionId", "StudentProfileId", "EnrolledAt") VALUES (76, 3, 22, '2026-06-11 12:00:00+03');
INSERT INTO public.section_enrollments ("Id", "CourseSectionId", "StudentProfileId", "EnrolledAt") VALUES (77, 5, 22, '2026-06-11 12:00:00+03');
INSERT INTO public.section_enrollments ("Id", "CourseSectionId", "StudentProfileId", "EnrolledAt") VALUES (78, 7, 22, '2026-06-11 12:00:00+03');
INSERT INTO public.section_enrollments ("Id", "CourseSectionId", "StudentProfileId", "EnrolledAt") VALUES (79, 9, 22, '2026-06-11 12:00:00+03');
INSERT INTO public.section_enrollments ("Id", "CourseSectionId", "StudentProfileId", "EnrolledAt") VALUES (80, 6, 23, '2026-06-11 12:00:00+03');
INSERT INTO public.section_enrollments ("Id", "CourseSectionId", "StudentProfileId", "EnrolledAt") VALUES (81, 8, 23, '2026-06-11 12:00:00+03');
INSERT INTO public.section_enrollments ("Id", "CourseSectionId", "StudentProfileId", "EnrolledAt") VALUES (82, 10, 23, '2026-06-11 12:00:00+03');
INSERT INTO public.section_enrollments ("Id", "CourseSectionId", "StudentProfileId", "EnrolledAt") VALUES (83, 7, 24, '2026-06-11 12:00:00+03');
INSERT INTO public.section_enrollments ("Id", "CourseSectionId", "StudentProfileId", "EnrolledAt") VALUES (84, 9, 24, '2026-06-11 12:00:00+03');
INSERT INTO public.section_enrollments ("Id", "CourseSectionId", "StudentProfileId", "EnrolledAt") VALUES (85, 11, 24, '2026-06-11 12:00:00+03');
INSERT INTO public.section_enrollments ("Id", "CourseSectionId", "StudentProfileId", "EnrolledAt") VALUES (86, 13, 24, '2026-06-11 12:00:00+03');
INSERT INTO public.section_enrollments ("Id", "CourseSectionId", "StudentProfileId", "EnrolledAt") VALUES (87, 10, 25, '2026-06-11 12:00:00+03');
INSERT INTO public.section_enrollments ("Id", "CourseSectionId", "StudentProfileId", "EnrolledAt") VALUES (88, 12, 25, '2026-06-11 12:00:00+03');
INSERT INTO public.section_enrollments ("Id", "CourseSectionId", "StudentProfileId", "EnrolledAt") VALUES (89, 14, 25, '2026-06-11 12:00:00+03');
INSERT INTO public.section_enrollments ("Id", "CourseSectionId", "StudentProfileId", "EnrolledAt") VALUES (90, 11, 26, '2026-06-11 12:00:00+03');
INSERT INTO public.section_enrollments ("Id", "CourseSectionId", "StudentProfileId", "EnrolledAt") VALUES (91, 13, 26, '2026-06-11 12:00:00+03');
INSERT INTO public.section_enrollments ("Id", "CourseSectionId", "StudentProfileId", "EnrolledAt") VALUES (92, 15, 26, '2026-06-11 12:00:00+03');
INSERT INTO public.section_enrollments ("Id", "CourseSectionId", "StudentProfileId", "EnrolledAt") VALUES (93, 17, 26, '2026-06-11 12:00:00+03');
INSERT INTO public.section_enrollments ("Id", "CourseSectionId", "StudentProfileId", "EnrolledAt") VALUES (94, 14, 27, '2026-06-11 12:00:00+03');
INSERT INTO public.section_enrollments ("Id", "CourseSectionId", "StudentProfileId", "EnrolledAt") VALUES (95, 16, 27, '2026-06-11 12:00:00+03');
INSERT INTO public.section_enrollments ("Id", "CourseSectionId", "StudentProfileId", "EnrolledAt") VALUES (96, 18, 27, '2026-06-11 12:00:00+03');
INSERT INTO public.section_enrollments ("Id", "CourseSectionId", "StudentProfileId", "EnrolledAt") VALUES (97, 15, 28, '2026-06-11 12:00:00+03');
INSERT INTO public.section_enrollments ("Id", "CourseSectionId", "StudentProfileId", "EnrolledAt") VALUES (98, 17, 28, '2026-06-11 12:00:00+03');
INSERT INTO public.section_enrollments ("Id", "CourseSectionId", "StudentProfileId", "EnrolledAt") VALUES (99, 19, 28, '2026-06-11 12:00:00+03');
INSERT INTO public.section_enrollments ("Id", "CourseSectionId", "StudentProfileId", "EnrolledAt") VALUES (100, 1, 28, '2026-06-11 12:00:00+03');
INSERT INTO public.section_enrollments ("Id", "CourseSectionId", "StudentProfileId", "EnrolledAt") VALUES (101, 18, 29, '2026-06-11 12:00:00+03');
INSERT INTO public.section_enrollments ("Id", "CourseSectionId", "StudentProfileId", "EnrolledAt") VALUES (102, 20, 29, '2026-06-11 12:00:00+03');
INSERT INTO public.section_enrollments ("Id", "CourseSectionId", "StudentProfileId", "EnrolledAt") VALUES (103, 2, 29, '2026-06-11 12:00:00+03');
INSERT INTO public.section_enrollments ("Id", "CourseSectionId", "StudentProfileId", "EnrolledAt") VALUES (104, 19, 30, '2026-06-11 12:00:00+03');
INSERT INTO public.section_enrollments ("Id", "CourseSectionId", "StudentProfileId", "EnrolledAt") VALUES (105, 1, 30, '2026-06-11 12:00:00+03');
INSERT INTO public.section_enrollments ("Id", "CourseSectionId", "StudentProfileId", "EnrolledAt") VALUES (106, 3, 30, '2026-06-11 12:00:00+03');
INSERT INTO public.section_enrollments ("Id", "CourseSectionId", "StudentProfileId", "EnrolledAt") VALUES (107, 5, 30, '2026-06-11 12:00:00+03');
INSERT INTO public.section_enrollments ("Id", "CourseSectionId", "StudentProfileId", "EnrolledAt") VALUES (108, 2, 31, '2026-06-11 12:00:00+03');
INSERT INTO public.section_enrollments ("Id", "CourseSectionId", "StudentProfileId", "EnrolledAt") VALUES (109, 4, 31, '2026-06-11 12:00:00+03');
INSERT INTO public.section_enrollments ("Id", "CourseSectionId", "StudentProfileId", "EnrolledAt") VALUES (110, 6, 31, '2026-06-11 12:00:00+03');
INSERT INTO public.section_enrollments ("Id", "CourseSectionId", "StudentProfileId", "EnrolledAt") VALUES (111, 3, 32, '2026-06-11 12:00:00+03');
INSERT INTO public.section_enrollments ("Id", "CourseSectionId", "StudentProfileId", "EnrolledAt") VALUES (112, 5, 32, '2026-06-11 12:00:00+03');
INSERT INTO public.section_enrollments ("Id", "CourseSectionId", "StudentProfileId", "EnrolledAt") VALUES (113, 7, 32, '2026-06-11 12:00:00+03');
INSERT INTO public.section_enrollments ("Id", "CourseSectionId", "StudentProfileId", "EnrolledAt") VALUES (114, 9, 32, '2026-06-11 12:00:00+03');
INSERT INTO public.section_enrollments ("Id", "CourseSectionId", "StudentProfileId", "EnrolledAt") VALUES (115, 6, 33, '2026-06-11 12:00:00+03');
INSERT INTO public.section_enrollments ("Id", "CourseSectionId", "StudentProfileId", "EnrolledAt") VALUES (116, 8, 33, '2026-06-11 12:00:00+03');
INSERT INTO public.section_enrollments ("Id", "CourseSectionId", "StudentProfileId", "EnrolledAt") VALUES (117, 10, 33, '2026-06-11 12:00:00+03');
INSERT INTO public.section_enrollments ("Id", "CourseSectionId", "StudentProfileId", "EnrolledAt") VALUES (118, 12, 33, '2026-06-11 12:00:00+03');
INSERT INTO public.section_enrollments ("Id", "CourseSectionId", "StudentProfileId", "EnrolledAt") VALUES (119, 7, 34, '2026-06-11 12:00:00+03');
INSERT INTO public.section_enrollments ("Id", "CourseSectionId", "StudentProfileId", "EnrolledAt") VALUES (120, 9, 34, '2026-06-11 12:00:00+03');
INSERT INTO public.section_enrollments ("Id", "CourseSectionId", "StudentProfileId", "EnrolledAt") VALUES (121, 11, 34, '2026-06-11 12:00:00+03');
INSERT INTO public.section_enrollments ("Id", "CourseSectionId", "StudentProfileId", "EnrolledAt") VALUES (122, 10, 35, '2026-06-11 12:00:00+03');
INSERT INTO public.section_enrollments ("Id", "CourseSectionId", "StudentProfileId", "EnrolledAt") VALUES (123, 12, 35, '2026-06-11 12:00:00+03');
INSERT INTO public.section_enrollments ("Id", "CourseSectionId", "StudentProfileId", "EnrolledAt") VALUES (124, 14, 35, '2026-06-11 12:00:00+03');
INSERT INTO public.section_enrollments ("Id", "CourseSectionId", "StudentProfileId", "EnrolledAt") VALUES (125, 16, 35, '2026-06-11 12:00:00+03');
INSERT INTO public.section_enrollments ("Id", "CourseSectionId", "StudentProfileId", "EnrolledAt") VALUES (126, 11, 36, '2026-06-11 12:00:00+03');
INSERT INTO public.section_enrollments ("Id", "CourseSectionId", "StudentProfileId", "EnrolledAt") VALUES (127, 13, 36, '2026-06-11 12:00:00+03');
INSERT INTO public.section_enrollments ("Id", "CourseSectionId", "StudentProfileId", "EnrolledAt") VALUES (128, 15, 36, '2026-06-11 12:00:00+03');
INSERT INTO public.section_enrollments ("Id", "CourseSectionId", "StudentProfileId", "EnrolledAt") VALUES (129, 14, 37, '2026-06-11 12:00:00+03');
INSERT INTO public.section_enrollments ("Id", "CourseSectionId", "StudentProfileId", "EnrolledAt") VALUES (130, 16, 37, '2026-06-11 12:00:00+03');
INSERT INTO public.section_enrollments ("Id", "CourseSectionId", "StudentProfileId", "EnrolledAt") VALUES (131, 18, 37, '2026-06-11 12:00:00+03');
INSERT INTO public.section_enrollments ("Id", "CourseSectionId", "StudentProfileId", "EnrolledAt") VALUES (132, 20, 37, '2026-06-11 12:00:00+03');
INSERT INTO public.section_enrollments ("Id", "CourseSectionId", "StudentProfileId", "EnrolledAt") VALUES (133, 15, 38, '2026-06-11 12:00:00+03');
INSERT INTO public.section_enrollments ("Id", "CourseSectionId", "StudentProfileId", "EnrolledAt") VALUES (134, 17, 38, '2026-06-11 12:00:00+03');
INSERT INTO public.section_enrollments ("Id", "CourseSectionId", "StudentProfileId", "EnrolledAt") VALUES (135, 19, 38, '2026-06-11 12:00:00+03');
INSERT INTO public.section_enrollments ("Id", "CourseSectionId", "StudentProfileId", "EnrolledAt") VALUES (136, 18, 39, '2026-06-11 12:00:00+03');
INSERT INTO public.section_enrollments ("Id", "CourseSectionId", "StudentProfileId", "EnrolledAt") VALUES (137, 20, 39, '2026-06-11 12:00:00+03');
INSERT INTO public.section_enrollments ("Id", "CourseSectionId", "StudentProfileId", "EnrolledAt") VALUES (138, 2, 39, '2026-06-11 12:00:00+03');
INSERT INTO public.section_enrollments ("Id", "CourseSectionId", "StudentProfileId", "EnrolledAt") VALUES (139, 4, 39, '2026-06-11 12:00:00+03');
INSERT INTO public.section_enrollments ("Id", "CourseSectionId", "StudentProfileId", "EnrolledAt") VALUES (140, 19, 40, '2026-06-11 12:00:00+03');
INSERT INTO public.section_enrollments ("Id", "CourseSectionId", "StudentProfileId", "EnrolledAt") VALUES (141, 1, 40, '2026-06-11 12:00:00+03');
INSERT INTO public.section_enrollments ("Id", "CourseSectionId", "StudentProfileId", "EnrolledAt") VALUES (142, 3, 40, '2026-06-11 12:00:00+03');
INSERT INTO public.section_enrollments ("Id", "CourseSectionId", "StudentProfileId", "EnrolledAt") VALUES (143, 2, 41, '2026-06-11 12:00:00+03');
INSERT INTO public.section_enrollments ("Id", "CourseSectionId", "StudentProfileId", "EnrolledAt") VALUES (144, 4, 41, '2026-06-11 12:00:00+03');
INSERT INTO public.section_enrollments ("Id", "CourseSectionId", "StudentProfileId", "EnrolledAt") VALUES (145, 6, 41, '2026-06-11 12:00:00+03');
INSERT INTO public.section_enrollments ("Id", "CourseSectionId", "StudentProfileId", "EnrolledAt") VALUES (146, 8, 41, '2026-06-11 12:00:00+03');
INSERT INTO public.section_enrollments ("Id", "CourseSectionId", "StudentProfileId", "EnrolledAt") VALUES (147, 3, 42, '2026-06-11 12:00:00+03');
INSERT INTO public.section_enrollments ("Id", "CourseSectionId", "StudentProfileId", "EnrolledAt") VALUES (148, 5, 42, '2026-06-11 12:00:00+03');
INSERT INTO public.section_enrollments ("Id", "CourseSectionId", "StudentProfileId", "EnrolledAt") VALUES (149, 7, 42, '2026-06-11 12:00:00+03');
INSERT INTO public.section_enrollments ("Id", "CourseSectionId", "StudentProfileId", "EnrolledAt") VALUES (150, 6, 43, '2026-06-11 12:00:00+03');
INSERT INTO public.section_enrollments ("Id", "CourseSectionId", "StudentProfileId", "EnrolledAt") VALUES (151, 8, 43, '2026-06-11 12:00:00+03');
INSERT INTO public.section_enrollments ("Id", "CourseSectionId", "StudentProfileId", "EnrolledAt") VALUES (152, 10, 43, '2026-06-11 12:00:00+03');
INSERT INTO public.section_enrollments ("Id", "CourseSectionId", "StudentProfileId", "EnrolledAt") VALUES (153, 12, 43, '2026-06-11 12:00:00+03');
INSERT INTO public.section_enrollments ("Id", "CourseSectionId", "StudentProfileId", "EnrolledAt") VALUES (154, 7, 44, '2026-06-11 12:00:00+03');
INSERT INTO public.section_enrollments ("Id", "CourseSectionId", "StudentProfileId", "EnrolledAt") VALUES (155, 9, 44, '2026-06-11 12:00:00+03');
INSERT INTO public.section_enrollments ("Id", "CourseSectionId", "StudentProfileId", "EnrolledAt") VALUES (156, 11, 44, '2026-06-11 12:00:00+03');
INSERT INTO public.section_enrollments ("Id", "CourseSectionId", "StudentProfileId", "EnrolledAt") VALUES (157, 10, 45, '2026-06-11 12:00:00+03');
INSERT INTO public.section_enrollments ("Id", "CourseSectionId", "StudentProfileId", "EnrolledAt") VALUES (158, 12, 45, '2026-06-11 12:00:00+03');
INSERT INTO public.section_enrollments ("Id", "CourseSectionId", "StudentProfileId", "EnrolledAt") VALUES (159, 14, 45, '2026-06-11 12:00:00+03');
INSERT INTO public.section_enrollments ("Id", "CourseSectionId", "StudentProfileId", "EnrolledAt") VALUES (160, 16, 45, '2026-06-11 12:00:00+03');
-- course_projects
INSERT INTO public.course_projects ("Id", "CourseId", "Title", "Description", "TeamSize", "ApplyToAllSections", "AllowCrossSectionTeams", "AiMode", "CreatedAt") VALUES (1, 1, 'Capstone Project 1', 'Team-based semester project.', 4, false, false, 'doctor', '2026-06-11 12:00:00+03');
INSERT INTO public.course_project_sections ("Id", "CourseProjectId", "CourseSectionId") VALUES (1, 1, 1);
INSERT INTO public.course_projects ("Id", "CourseId", "Title", "Description", "TeamSize", "ApplyToAllSections", "AllowCrossSectionTeams", "AiMode", "CreatedAt") VALUES (2, 2, 'Capstone Project 2', 'Team-based semester project.', 4, false, false, 'doctor', '2026-06-11 12:00:00+03');
INSERT INTO public.course_project_sections ("Id", "CourseProjectId", "CourseSectionId") VALUES (2, 2, 3);
INSERT INTO public.course_projects ("Id", "CourseId", "Title", "Description", "TeamSize", "ApplyToAllSections", "AllowCrossSectionTeams", "AiMode", "CreatedAt") VALUES (3, 3, 'Capstone Project 3', 'Team-based semester project.', 4, false, false, 'doctor', '2026-06-11 12:00:00+03');
INSERT INTO public.course_project_sections ("Id", "CourseProjectId", "CourseSectionId") VALUES (3, 3, 5);
INSERT INTO public.course_projects ("Id", "CourseId", "Title", "Description", "TeamSize", "ApplyToAllSections", "AllowCrossSectionTeams", "AiMode", "CreatedAt") VALUES (4, 4, 'Capstone Project 4', 'Team-based semester project.', 4, false, false, 'doctor', '2026-06-11 12:00:00+03');
INSERT INTO public.course_project_sections ("Id", "CourseProjectId", "CourseSectionId") VALUES (4, 4, 7);
INSERT INTO public.course_projects ("Id", "CourseId", "Title", "Description", "TeamSize", "ApplyToAllSections", "AllowCrossSectionTeams", "AiMode", "CreatedAt") VALUES (5, 5, 'Capstone Project 5', 'Team-based semester project.', 4, false, false, 'doctor', '2026-06-11 12:00:00+03');
INSERT INTO public.course_project_sections ("Id", "CourseProjectId", "CourseSectionId") VALUES (5, 5, 9);
INSERT INTO public.course_projects ("Id", "CourseId", "Title", "Description", "TeamSize", "ApplyToAllSections", "AllowCrossSectionTeams", "AiMode", "CreatedAt") VALUES (6, 6, 'Capstone Project 6', 'Team-based semester project.', 4, false, false, 'doctor', '2026-06-11 12:00:00+03');
INSERT INTO public.course_project_sections ("Id", "CourseProjectId", "CourseSectionId") VALUES (6, 6, 11);
INSERT INTO public.course_projects ("Id", "CourseId", "Title", "Description", "TeamSize", "ApplyToAllSections", "AllowCrossSectionTeams", "AiMode", "CreatedAt") VALUES (7, 7, 'Capstone Project 7', 'Team-based semester project.', 4, false, false, 'doctor', '2026-06-11 12:00:00+03');
INSERT INTO public.course_project_sections ("Id", "CourseProjectId", "CourseSectionId") VALUES (7, 7, 13);
INSERT INTO public.course_projects ("Id", "CourseId", "Title", "Description", "TeamSize", "ApplyToAllSections", "AllowCrossSectionTeams", "AiMode", "CreatedAt") VALUES (8, 8, 'Capstone Project 8', 'Team-based semester project.', 4, false, false, 'doctor', '2026-06-11 12:00:00+03');
INSERT INTO public.course_project_sections ("Id", "CourseProjectId", "CourseSectionId") VALUES (8, 8, 15);
INSERT INTO public.course_projects ("Id", "CourseId", "Title", "Description", "TeamSize", "ApplyToAllSections", "AllowCrossSectionTeams", "AiMode", "CreatedAt") VALUES (9, 9, 'Capstone Project 9', 'Team-based semester project.', 4, false, false, 'doctor', '2026-06-11 12:00:00+03');
INSERT INTO public.course_project_sections ("Id", "CourseProjectId", "CourseSectionId") VALUES (9, 9, 17);
INSERT INTO public.course_projects ("Id", "CourseId", "Title", "Description", "TeamSize", "ApplyToAllSections", "AllowCrossSectionTeams", "AiMode", "CreatedAt") VALUES (10, 10, 'Capstone Project 10', 'Team-based semester project.', 4, false, false, 'doctor', '2026-06-11 12:00:00+03');
INSERT INTO public.course_project_sections ("Id", "CourseProjectId", "CourseSectionId") VALUES (10, 10, 19);
-- course_teams & members
INSERT INTO public.course_teams ("Id", "CourseProjectId", "TeamIndex", "CreatedAt") VALUES (1, 1, 1, '2026-06-11 12:00:00+03');
INSERT INTO public.course_team_members ("Id", "CourseTeamId", "StudentProfileId", "UserId", "MatchScore") VALUES (1, 1, 1, 2, 85);
INSERT INTO public.course_team_members ("Id", "CourseTeamId", "StudentProfileId", "UserId", "MatchScore") VALUES (2, 1, 2, 3, 85);
INSERT INTO public.course_team_members ("Id", "CourseTeamId", "StudentProfileId", "UserId", "MatchScore") VALUES (3, 1, 3, 4, 85);
INSERT INTO public.course_teams ("Id", "CourseProjectId", "TeamIndex", "CreatedAt") VALUES (2, 2, 1, '2026-06-11 12:00:00+03');
INSERT INTO public.course_team_members ("Id", "CourseTeamId", "StudentProfileId", "UserId", "MatchScore") VALUES (4, 2, 4, 5, 85);
INSERT INTO public.course_team_members ("Id", "CourseTeamId", "StudentProfileId", "UserId", "MatchScore") VALUES (5, 2, 5, 6, 85);
INSERT INTO public.course_team_members ("Id", "CourseTeamId", "StudentProfileId", "UserId", "MatchScore") VALUES (6, 2, 6, 7, 85);
INSERT INTO public.course_teams ("Id", "CourseProjectId", "TeamIndex", "CreatedAt") VALUES (3, 3, 1, '2026-06-11 12:00:00+03');
INSERT INTO public.course_team_members ("Id", "CourseTeamId", "StudentProfileId", "UserId", "MatchScore") VALUES (7, 3, 7, 8, 85);
INSERT INTO public.course_team_members ("Id", "CourseTeamId", "StudentProfileId", "UserId", "MatchScore") VALUES (8, 3, 8, 9, 85);
INSERT INTO public.course_team_members ("Id", "CourseTeamId", "StudentProfileId", "UserId", "MatchScore") VALUES (9, 3, 9, 10, 85);
INSERT INTO public.course_teams ("Id", "CourseProjectId", "TeamIndex", "CreatedAt") VALUES (4, 4, 1, '2026-06-11 12:00:00+03');
INSERT INTO public.course_team_members ("Id", "CourseTeamId", "StudentProfileId", "UserId", "MatchScore") VALUES (10, 4, 10, 11, 85);
INSERT INTO public.course_team_members ("Id", "CourseTeamId", "StudentProfileId", "UserId", "MatchScore") VALUES (11, 4, 11, 12, 85);
INSERT INTO public.course_team_members ("Id", "CourseTeamId", "StudentProfileId", "UserId", "MatchScore") VALUES (12, 4, 12, 13, 85);
INSERT INTO public.course_team_messages ("Id", "CourseTeamId", "SenderUserId", "Text", "SentAt") VALUES (1, 1, 2, 'Let us split frontend and backend tasks.', '2026-06-11 12:00:00+03');
-- graduation_projects
INSERT INTO public.graduation_projects (id, owner_id, name, abstract, required_skills, partners_count, created_at, updated_at, supervisor_id, project_type, preferred_roles, looking_for_teammates, required_roles, skill_priorities, abstract_file_name, abstract_file_path, abstract_file_uploaded_at, interests, technologies, abstract_file_base64, project_interests) VALUES (1, 4, 'Software Engineering Capstone 1', 'Capstone project for Software Engineering Fourth Year student.', '["React","PostgreSQL"]', 2, '2026-06-11 12:00:00+03', '2026-06-11 12:00:00+03', 4, 'GP1', NULL, true, NULL, NULL, NULL, NULL, NULL, NULL, NULL, NULL, NULL);
INSERT INTO public.graduation_projects (id, owner_id, name, abstract, required_skills, partners_count, created_at, updated_at, supervisor_id, project_type, preferred_roles, looking_for_teammates, required_roles, skill_priorities, abstract_file_name, abstract_file_path, abstract_file_uploaded_at, interests, technologies, abstract_file_base64, project_interests) VALUES (2, 5, 'Software Engineering Capstone 2', 'Capstone project for Software Engineering Fifth Year student.', '["React","PostgreSQL"]', 2, '2026-06-11 12:00:00+03', '2026-06-11 12:00:00+03', 5, 'GP2', NULL, true, NULL, NULL, NULL, NULL, NULL, NULL, NULL, NULL, NULL);
INSERT INTO public.graduation_projects (id, owner_id, name, abstract, required_skills, partners_count, created_at, updated_at, supervisor_id, project_type, preferred_roles, looking_for_teammates, required_roles, skill_priorities, abstract_file_name, abstract_file_path, abstract_file_uploaded_at, interests, technologies, abstract_file_base64, project_interests) VALUES (3, 8, 'Computer Engineering Capstone 3', 'Capstone project for Computer Engineering Fourth Year student.', '["React","PostgreSQL"]', 2, '2026-06-11 12:00:00+03', '2026-06-11 12:00:00+03', NULL, 'GP1', NULL, true, NULL, NULL, NULL, NULL, NULL, NULL, NULL, NULL, NULL);
INSERT INTO public.graduation_projects (id, owner_id, name, abstract, required_skills, partners_count, created_at, updated_at, supervisor_id, project_type, preferred_roles, looking_for_teammates, required_roles, skill_priorities, abstract_file_name, abstract_file_path, abstract_file_uploaded_at, interests, technologies, abstract_file_base64, project_interests) VALUES (4, 11, 'Computer Science Capstone 4', 'Capstone project for Computer Science Fourth Year student.', '["React","PostgreSQL"]', 2, '2026-06-11 12:00:00+03', '2026-06-11 12:00:00+03', 11, 'GP1', NULL, true, NULL, NULL, NULL, NULL, NULL, NULL, NULL, NULL, NULL);
INSERT INTO public.graduation_projects (id, owner_id, name, abstract, required_skills, partners_count, created_at, updated_at, supervisor_id, project_type, preferred_roles, looking_for_teammates, required_roles, skill_priorities, abstract_file_name, abstract_file_path, abstract_file_uploaded_at, interests, technologies, abstract_file_base64, project_interests) VALUES (5, 12, 'Computer Science Capstone 5', 'Capstone project for Computer Science Fifth Year student.', '["React","PostgreSQL"]', 2, '2026-06-11 12:00:00+03', '2026-06-11 12:00:00+03', 12, 'GP2', NULL, true, NULL, NULL, NULL, NULL, NULL, NULL, NULL, NULL, NULL);
INSERT INTO public.graduation_projects (id, owner_id, name, abstract, required_skills, partners_count, created_at, updated_at, supervisor_id, project_type, preferred_roles, looking_for_teammates, required_roles, skill_priorities, abstract_file_name, abstract_file_path, abstract_file_uploaded_at, interests, technologies, abstract_file_base64, project_interests) VALUES (6, 15, 'Information Technology Capstone 6', 'Capstone project for Information Technology Fifth Year student.', '["React","PostgreSQL"]', 2, '2026-06-11 12:00:00+03', '2026-06-11 12:00:00+03', NULL, 'GP2', NULL, true, NULL, NULL, NULL, NULL, NULL, NULL, NULL, NULL, NULL);
INSERT INTO public.graduation_projects (id, owner_id, name, abstract, required_skills, partners_count, created_at, updated_at, supervisor_id, project_type, preferred_roles, looking_for_teammates, required_roles, skill_priorities, abstract_file_name, abstract_file_path, abstract_file_uploaded_at, interests, technologies, abstract_file_base64, project_interests) VALUES (7, 17, 'Artificial Intelligence Capstone 7', 'Capstone project for Artificial Intelligence Fourth Year student.', '["React","PostgreSQL"]', 2, '2026-06-11 12:00:00+03', '2026-06-11 12:00:00+03', 5, 'GP1', NULL, true, NULL, NULL, NULL, NULL, NULL, NULL, NULL, NULL, NULL);
INSERT INTO public.graduation_projects (id, owner_id, name, abstract, required_skills, partners_count, created_at, updated_at, supervisor_id, project_type, preferred_roles, looking_for_teammates, required_roles, skill_priorities, abstract_file_name, abstract_file_path, abstract_file_uploaded_at, interests, technologies, abstract_file_base64, project_interests) VALUES (8, 18, 'Artificial Intelligence Capstone 8', 'Capstone project for Artificial Intelligence Fifth Year student.', '["React","PostgreSQL"]', 2, '2026-06-11 12:00:00+03', '2026-06-11 12:00:00+03', 6, 'GP2', NULL, true, NULL, NULL, NULL, NULL, NULL, NULL, NULL, NULL, NULL);
INSERT INTO public.graduation_projects (id, owner_id, name, abstract, required_skills, partners_count, created_at, updated_at, supervisor_id, project_type, preferred_roles, looking_for_teammates, required_roles, skill_priorities, abstract_file_name, abstract_file_path, abstract_file_uploaded_at, interests, technologies, abstract_file_base64, project_interests) VALUES (9, 21, 'Data Science Capstone 9', 'Capstone project for Data Science Fifth Year student.', '["React","PostgreSQL"]', 2, '2026-06-11 12:00:00+03', '2026-06-11 12:00:00+03', NULL, 'GP2', NULL, true, NULL, NULL, NULL, NULL, NULL, NULL, NULL, NULL, NULL);
INSERT INTO public.graduation_projects (id, owner_id, name, abstract, required_skills, partners_count, created_at, updated_at, supervisor_id, project_type, preferred_roles, looking_for_teammates, required_roles, skill_priorities, abstract_file_name, abstract_file_path, abstract_file_uploaded_at, interests, technologies, abstract_file_base64, project_interests) VALUES (10, 23, 'Cybersecurity Capstone 10', 'Capstone project for Cybersecurity Fourth Year student.', '["React","PostgreSQL"]', 2, '2026-06-11 12:00:00+03', '2026-06-11 12:00:00+03', 11, 'GP1', NULL, true, NULL, NULL, NULL, NULL, NULL, NULL, NULL, NULL, NULL);
INSERT INTO public.graduation_projects (id, owner_id, name, abstract, required_skills, partners_count, created_at, updated_at, supervisor_id, project_type, preferred_roles, looking_for_teammates, required_roles, skill_priorities, abstract_file_name, abstract_file_path, abstract_file_uploaded_at, interests, technologies, abstract_file_base64, project_interests) VALUES (11, 25, 'Electrical Engineering Capstone 11', 'Capstone project for Electrical Engineering Fifth Year student.', '["React","PostgreSQL"]', 2, '2026-06-11 12:00:00+03', '2026-06-11 12:00:00+03', 1, 'GP2', NULL, true, NULL, NULL, NULL, NULL, NULL, NULL, NULL, NULL, NULL);
INSERT INTO public.graduation_projects (id, owner_id, name, abstract, required_skills, partners_count, created_at, updated_at, supervisor_id, project_type, preferred_roles, looking_for_teammates, required_roles, skill_priorities, abstract_file_name, abstract_file_path, abstract_file_uploaded_at, interests, technologies, abstract_file_base64, project_interests) VALUES (12, 27, 'Industrial Engineering Capstone 12', 'Capstone project for Industrial Engineering Fourth Year student.', '["React","PostgreSQL"]', 2, '2026-06-11 12:00:00+03', '2026-06-11 12:00:00+03', NULL, 'GP1', NULL, true, NULL, NULL, NULL, NULL, NULL, NULL, NULL, NULL, NULL);
INSERT INTO public.graduation_projects (id, owner_id, name, abstract, required_skills, partners_count, created_at, updated_at, supervisor_id, project_type, preferred_roles, looking_for_teammates, required_roles, skill_priorities, abstract_file_name, abstract_file_path, abstract_file_uploaded_at, interests, technologies, abstract_file_base64, project_interests) VALUES (13, 29, 'Mechanical Engineering Capstone 13', 'Capstone project for Mechanical Engineering Fifth Year student.', '["React","PostgreSQL"]', 2, '2026-06-11 12:00:00+03', '2026-06-11 12:00:00+03', 5, 'GP2', NULL, true, NULL, NULL, NULL, NULL, NULL, NULL, NULL, NULL, NULL);
INSERT INTO public.graduation_projects (id, owner_id, name, abstract, required_skills, partners_count, created_at, updated_at, supervisor_id, project_type, preferred_roles, looking_for_teammates, required_roles, skill_priorities, abstract_file_name, abstract_file_path, abstract_file_uploaded_at, interests, technologies, abstract_file_base64, project_interests) VALUES (14, 31, 'Business Administration Capstone 14', 'Capstone project for Business Administration Fourth Year student.', '["React","PostgreSQL"]', 2, '2026-06-11 12:00:00+03', '2026-06-11 12:00:00+03', 7, 'GP', NULL, true, NULL, NULL, NULL, NULL, NULL, NULL, NULL, NULL, NULL);
INSERT INTO public.graduation_projects (id, owner_id, name, abstract, required_skills, partners_count, created_at, updated_at, supervisor_id, project_type, preferred_roles, looking_for_teammates, required_roles, skill_priorities, abstract_file_name, abstract_file_path, abstract_file_uploaded_at, interests, technologies, abstract_file_base64, project_interests) VALUES (15, 34, 'Accounting Capstone 15', 'Capstone project for Accounting Fifth Year student.', '["React","PostgreSQL"]', 2, '2026-06-11 12:00:00+03', '2026-06-11 12:00:00+03', NULL, 'GP', NULL, true, NULL, NULL, NULL, NULL, NULL, NULL, NULL, NULL, NULL);
INSERT INTO public.graduation_projects (id, owner_id, name, abstract, required_skills, partners_count, created_at, updated_at, supervisor_id, project_type, preferred_roles, looking_for_teammates, required_roles, skill_priorities, abstract_file_name, abstract_file_path, abstract_file_uploaded_at, interests, technologies, abstract_file_base64, project_interests) VALUES (16, 36, 'Marketing Capstone 16', 'Capstone project for Marketing Fourth Year student.', '["React","PostgreSQL"]', 2, '2026-06-11 12:00:00+03', '2026-06-11 12:00:00+03', 12, 'GP', NULL, true, NULL, NULL, NULL, NULL, NULL, NULL, NULL, NULL, NULL);
INSERT INTO public.graduation_projects (id, owner_id, name, abstract, required_skills, partners_count, created_at, updated_at, supervisor_id, project_type, preferred_roles, looking_for_teammates, required_roles, skill_priorities, abstract_file_name, abstract_file_path, abstract_file_uploaded_at, interests, technologies, abstract_file_base64, project_interests) VALUES (17, 38, 'Medicine Capstone 17', 'Capstone project for Medicine Fifth Year student.', '["React","PostgreSQL"]', 2, '2026-06-11 12:00:00+03', '2026-06-11 12:00:00+03', 2, 'GP', NULL, true, NULL, NULL, NULL, NULL, NULL, NULL, NULL, NULL, NULL);
INSERT INTO public.graduation_projects (id, owner_id, name, abstract, required_skills, partners_count, created_at, updated_at, supervisor_id, project_type, preferred_roles, looking_for_teammates, required_roles, skill_priorities, abstract_file_name, abstract_file_path, abstract_file_uploaded_at, interests, technologies, abstract_file_base64, project_interests) VALUES (18, 40, 'Nursing Capstone 18', 'Capstone project for Nursing Fourth Year student.', '["React","PostgreSQL"]', 2, '2026-06-11 12:00:00+03', '2026-06-11 12:00:00+03', NULL, 'GP', NULL, true, NULL, NULL, NULL, NULL, NULL, NULL, NULL, NULL, NULL);
INSERT INTO public.graduation_projects (id, owner_id, name, abstract, required_skills, partners_count, created_at, updated_at, supervisor_id, project_type, preferred_roles, looking_for_teammates, required_roles, skill_priorities, abstract_file_name, abstract_file_path, abstract_file_uploaded_at, interests, technologies, abstract_file_base64, project_interests) VALUES (19, 42, 'Pharmacy Capstone 19', 'Capstone project for Pharmacy Fifth Year student.', '["React","PostgreSQL"]', 2, '2026-06-11 12:00:00+03', '2026-06-11 12:00:00+03', 6, 'GP', NULL, true, NULL, NULL, NULL, NULL, NULL, NULL, NULL, NULL, NULL);
INSERT INTO public.graduation_projects (id, owner_id, name, abstract, required_skills, partners_count, created_at, updated_at, supervisor_id, project_type, preferred_roles, looking_for_teammates, required_roles, skill_priorities, abstract_file_name, abstract_file_path, abstract_file_uploaded_at, interests, technologies, abstract_file_base64, project_interests) VALUES (20, 44, 'Architecture Capstone 20', 'Capstone project for Architecture Fourth Year student.', '["React","PostgreSQL"]', 2, '2026-06-11 12:00:00+03', '2026-06-11 12:00:00+03', 8, 'GP', NULL, true, NULL, NULL, NULL, NULL, NULL, NULL, NULL, NULL, NULL);
-- graduation_project_members
INSERT INTO public.graduation_project_members (id, project_id, student_id, role, joined_at) VALUES (1, 1, 7, 'member', '2026-06-11 12:00:00+03');
INSERT INTO public.graduation_project_members (id, project_id, student_id, role, joined_at) VALUES (2, 2, 8, 'member', '2026-06-11 12:00:00+03');
INSERT INTO public.graduation_project_members (id, project_id, student_id, role, joined_at) VALUES (3, 3, 11, 'member', '2026-06-11 12:00:00+03');
INSERT INTO public.graduation_project_members (id, project_id, student_id, role, joined_at) VALUES (4, 4, 14, 'member', '2026-06-11 12:00:00+03');
INSERT INTO public.graduation_project_members (id, project_id, student_id, role, joined_at) VALUES (5, 5, 15, 'member', '2026-06-11 12:00:00+03');
INSERT INTO public.graduation_project_members (id, project_id, student_id, role, joined_at) VALUES (6, 6, 18, 'member', '2026-06-11 12:00:00+03');
INSERT INTO public.graduation_project_members (id, project_id, student_id, role, joined_at) VALUES (7, 7, 20, 'member', '2026-06-11 12:00:00+03');
INSERT INTO public.graduation_project_members (id, project_id, student_id, role, joined_at) VALUES (8, 8, 21, 'member', '2026-06-11 12:00:00+03');
INSERT INTO public.graduation_project_members (id, project_id, student_id, role, joined_at) VALUES (9, 9, 24, 'member', '2026-06-11 12:00:00+03');
INSERT INTO public.graduation_project_members (id, project_id, student_id, role, joined_at) VALUES (10, 10, 26, 'member', '2026-06-11 12:00:00+03');
INSERT INTO public.graduation_project_members (id, project_id, student_id, role, joined_at) VALUES (11, 11, 28, 'member', '2026-06-11 12:00:00+03');
INSERT INTO public.graduation_project_members (id, project_id, student_id, role, joined_at) VALUES (12, 12, 30, 'member', '2026-06-11 12:00:00+03');
INSERT INTO public.graduation_project_members (id, project_id, student_id, role, joined_at) VALUES (13, 13, 32, 'member', '2026-06-11 12:00:00+03');
INSERT INTO public.graduation_project_members (id, project_id, student_id, role, joined_at) VALUES (14, 14, 34, 'member', '2026-06-11 12:00:00+03');
INSERT INTO public.graduation_project_members (id, project_id, student_id, role, joined_at) VALUES (15, 15, 37, 'member', '2026-06-11 12:00:00+03');
INSERT INTO public.graduation_project_members (id, project_id, student_id, role, joined_at) VALUES (16, 16, 39, 'member', '2026-06-11 12:00:00+03');
INSERT INTO public.graduation_project_members (id, project_id, student_id, role, joined_at) VALUES (17, 17, 41, 'member', '2026-06-11 12:00:00+03');
INSERT INTO public.graduation_project_members (id, project_id, student_id, role, joined_at) VALUES (18, 18, 43, 'member', '2026-06-11 12:00:00+03');
INSERT INTO public.graduation_project_members (id, project_id, student_id, role, joined_at) VALUES (19, 19, 1, 'member', '2026-06-11 12:00:00+03');
INSERT INTO public.graduation_project_members (id, project_id, student_id, role, joined_at) VALUES (20, 20, 2, 'member', '2026-06-11 12:00:00+03');
INSERT INTO public.project_invitations (id, project_id, sender_id, receiver_id, status, created_at) VALUES (1, 1, 4, 8, 'pending', '2026-06-11 12:00:00+03');
INSERT INTO public.supervisor_requests (id, project_id, doctor_id, sender_id, status, created_at) VALUES (1, 1, 1, 4, 'pending', '2026-06-11 12:00:00+03');
-- company_requests
INSERT INTO public.company_requests (id, company_profile_id, request_type, status, wizard_step, title, description, category, category_choice, category_other, duration_ongoing, duration_value, duration_unit, duration_label, collaboration_format, scope_notes, matching_status, matched_at, created_at, updated_at, submitted_at) VALUES (1, 1, 'project', 'draft', 5, 'ASAL Technologies Internship 1', 'Looking for student collaborators.', 'Software', 'Software', NULL, false, 3, 'months', '3 months', 'hybrid', NULL, NULL, NULL, '2026-06-11 12:00:00+03', '2026-06-11 12:00:00+03', NULL);
INSERT INTO public.company_request_roles (id, company_request_id, client_role_key, sort_order, role_name, notes) VALUES (1, 1, 'dev', 0, 'Developer', NULL);
INSERT INTO public.company_request_skills (id, company_request_role_id, sort_order, skill_name) VALUES (1, 1, 0, 'React');
INSERT INTO public.company_requests (id, company_profile_id, request_type, status, wizard_step, title, description, category, category_choice, category_other, duration_ongoing, duration_value, duration_unit, duration_label, collaboration_format, scope_notes, matching_status, matched_at, created_at, updated_at, submitted_at) VALUES (2, 1, 'project', 'published', 5, 'ASAL Technologies Internship 2', 'Looking for student collaborators.', 'Software', 'Software', NULL, false, 3, 'months', '3 months', 'hybrid', NULL, NULL, NULL, '2026-06-11 12:00:00+03', '2026-06-11 12:00:00+03', '2026-06-11 12:00:00+03');
INSERT INTO public.company_request_roles (id, company_request_id, client_role_key, sort_order, role_name, notes) VALUES (2, 2, 'dev', 0, 'Developer', NULL);
INSERT INTO public.company_request_skills (id, company_request_role_id, sort_order, skill_name) VALUES (2, 2, 0, 'React');
INSERT INTO public.company_request_recommendation_runs (id, company_request_id, company_profile_id, algorithm_version, status, generated_at, completed_at, error_message) VALUES (1, 2, 1, 'v1-deterministic', 'completed', '2026-06-11 12:00:00+03', '2026-06-11 12:00:00+03', NULL);
INSERT INTO public.company_request_recommendations (id, run_id, company_request_id, student_profile_id, rank, score, score_breakdown_json, reason_summary, highlights_json, source, created_at) VALUES (1, 1, 2, 3, 1, 89, '{"skillMatch":85}', 'Strong fit.', '["Available"]', 'deterministic', '2026-06-11 12:00:00+03');
INSERT INTO public.company_request_recommendations (id, run_id, company_request_id, student_profile_id, rank, score, score_breakdown_json, reason_summary, highlights_json, source, created_at) VALUES (2, 1, 2, 4, 2, 88, '{"skillMatch":85}', 'Strong fit.', '["Available"]', 'deterministic', '2026-06-11 12:00:00+03');
INSERT INTO public.company_request_recommendations (id, run_id, company_request_id, student_profile_id, rank, score, score_breakdown_json, reason_summary, highlights_json, source, created_at) VALUES (3, 1, 2, 5, 3, 87, '{"skillMatch":85}', 'Strong fit.', '["Available"]', 'deterministic', '2026-06-11 12:00:00+03');
INSERT INTO public.company_requests (id, company_profile_id, request_type, status, wizard_step, title, description, category, category_choice, category_other, duration_ongoing, duration_value, duration_unit, duration_label, collaboration_format, scope_notes, matching_status, matched_at, created_at, updated_at, submitted_at) VALUES (3, 2, 'project', 'draft', 5, 'Nablus AI Labs Internship 3', 'Looking for student collaborators.', 'Software', 'Software', NULL, false, 3, 'months', '3 months', 'hybrid', NULL, NULL, NULL, '2026-06-11 12:00:00+03', '2026-06-11 12:00:00+03', NULL);
INSERT INTO public.company_request_roles (id, company_request_id, client_role_key, sort_order, role_name, notes) VALUES (3, 3, 'dev', 0, 'Developer', NULL);
INSERT INTO public.company_request_skills (id, company_request_role_id, sort_order, skill_name) VALUES (3, 3, 0, 'React');
INSERT INTO public.company_requests (id, company_profile_id, request_type, status, wizard_step, title, description, category, category_choice, category_other, duration_ongoing, duration_value, duration_unit, duration_label, collaboration_format, scope_notes, matching_status, matched_at, created_at, updated_at, submitted_at) VALUES (4, 2, 'project', 'published', 5, 'Nablus AI Labs Internship 4', 'Looking for student collaborators.', 'Software', 'Software', NULL, false, 3, 'months', '3 months', 'hybrid', NULL, NULL, NULL, '2026-06-11 12:00:00+03', '2026-06-11 12:00:00+03', '2026-06-11 12:00:00+03');
INSERT INTO public.company_request_roles (id, company_request_id, client_role_key, sort_order, role_name, notes) VALUES (4, 4, 'dev', 0, 'Developer', NULL);
INSERT INTO public.company_request_skills (id, company_request_role_id, sort_order, skill_name) VALUES (4, 4, 0, 'React');
INSERT INTO public.company_request_recommendation_runs (id, company_request_id, company_profile_id, algorithm_version, status, generated_at, completed_at, error_message) VALUES (2, 4, 2, 'v1-deterministic', 'completed', '2026-06-11 12:00:00+03', '2026-06-11 12:00:00+03', NULL);
INSERT INTO public.company_request_recommendations (id, run_id, company_request_id, student_profile_id, rank, score, score_breakdown_json, reason_summary, highlights_json, source, created_at) VALUES (4, 2, 4, 5, 1, 89, '{"skillMatch":85}', 'Strong fit.', '["Available"]', 'deterministic', '2026-06-11 12:00:00+03');
INSERT INTO public.company_request_recommendations (id, run_id, company_request_id, student_profile_id, rank, score, score_breakdown_json, reason_summary, highlights_json, source, created_at) VALUES (5, 2, 4, 6, 2, 88, '{"skillMatch":85}', 'Strong fit.', '["Available"]', 'deterministic', '2026-06-11 12:00:00+03');
INSERT INTO public.company_request_recommendations (id, run_id, company_request_id, student_profile_id, rank, score, score_breakdown_json, reason_summary, highlights_json, source, created_at) VALUES (6, 2, 4, 7, 3, 87, '{"skillMatch":85}', 'Strong fit.', '["Available"]', 'deterministic', '2026-06-11 12:00:00+03');
INSERT INTO public.company_requests (id, company_profile_id, request_type, status, wizard_step, title, description, category, category_choice, category_other, duration_ongoing, duration_value, duration_unit, duration_label, collaboration_format, scope_notes, matching_status, matched_at, created_at, updated_at, submitted_at) VALUES (5, 3, 'project', 'draft', 5, 'PayBridge Palestine Internship 5', 'Looking for student collaborators.', 'Software', 'Software', NULL, false, 3, 'months', '3 months', 'hybrid', NULL, NULL, NULL, '2026-06-11 12:00:00+03', '2026-06-11 12:00:00+03', NULL);
INSERT INTO public.company_request_roles (id, company_request_id, client_role_key, sort_order, role_name, notes) VALUES (5, 5, 'dev', 0, 'Developer', NULL);
INSERT INTO public.company_request_skills (id, company_request_role_id, sort_order, skill_name) VALUES (5, 5, 0, 'React');
INSERT INTO public.company_requests (id, company_profile_id, request_type, status, wizard_step, title, description, category, category_choice, category_other, duration_ongoing, duration_value, duration_unit, duration_label, collaboration_format, scope_notes, matching_status, matched_at, created_at, updated_at, submitted_at) VALUES (6, 3, 'project', 'published', 5, 'PayBridge Palestine Internship 6', 'Looking for student collaborators.', 'Software', 'Software', NULL, false, 3, 'months', '3 months', 'hybrid', NULL, NULL, NULL, '2026-06-11 12:00:00+03', '2026-06-11 12:00:00+03', '2026-06-11 12:00:00+03');
INSERT INTO public.company_request_roles (id, company_request_id, client_role_key, sort_order, role_name, notes) VALUES (6, 6, 'dev', 0, 'Developer', NULL);
INSERT INTO public.company_request_skills (id, company_request_role_id, sort_order, skill_name) VALUES (6, 6, 0, 'React');
INSERT INTO public.company_request_recommendation_runs (id, company_request_id, company_profile_id, algorithm_version, status, generated_at, completed_at, error_message) VALUES (3, 6, 3, 'v1-deterministic', 'completed', '2026-06-11 12:00:00+03', '2026-06-11 12:00:00+03', NULL);
INSERT INTO public.company_request_recommendations (id, run_id, company_request_id, student_profile_id, rank, score, score_breakdown_json, reason_summary, highlights_json, source, created_at) VALUES (7, 3, 6, 7, 1, 89, '{"skillMatch":85}', 'Strong fit.', '["Available"]', 'deterministic', '2026-06-11 12:00:00+03');
INSERT INTO public.company_request_recommendations (id, run_id, company_request_id, student_profile_id, rank, score, score_breakdown_json, reason_summary, highlights_json, source, created_at) VALUES (8, 3, 6, 8, 2, 88, '{"skillMatch":85}', 'Strong fit.', '["Available"]', 'deterministic', '2026-06-11 12:00:00+03');
INSERT INTO public.company_request_recommendations (id, run_id, company_request_id, student_profile_id, rank, score, score_breakdown_json, reason_summary, highlights_json, source, created_at) VALUES (9, 3, 6, 9, 3, 87, '{"skillMatch":85}', 'Strong fit.', '["Available"]', 'deterministic', '2026-06-11 12:00:00+03');
INSERT INTO public.company_requests (id, company_profile_id, request_type, status, wizard_step, title, description, category, category_choice, category_other, duration_ongoing, duration_value, duration_unit, duration_label, collaboration_format, scope_notes, matching_status, matched_at, created_at, updated_at, submitted_at) VALUES (7, 4, 'project', 'draft', 5, 'MediConnect Health Tech Internship 7', 'Looking for student collaborators.', 'Software', 'Software', NULL, false, 3, 'months', '3 months', 'hybrid', NULL, NULL, NULL, '2026-06-11 12:00:00+03', '2026-06-11 12:00:00+03', NULL);
INSERT INTO public.company_request_roles (id, company_request_id, client_role_key, sort_order, role_name, notes) VALUES (7, 7, 'dev', 0, 'Developer', NULL);
INSERT INTO public.company_request_skills (id, company_request_role_id, sort_order, skill_name) VALUES (7, 7, 0, 'React');
INSERT INTO public.company_requests (id, company_profile_id, request_type, status, wizard_step, title, description, category, category_choice, category_other, duration_ongoing, duration_value, duration_unit, duration_label, collaboration_format, scope_notes, matching_status, matched_at, created_at, updated_at, submitted_at) VALUES (8, 4, 'project', 'published', 5, 'MediConnect Health Tech Internship 8', 'Looking for student collaborators.', 'Software', 'Software', NULL, false, 3, 'months', '3 months', 'hybrid', NULL, NULL, NULL, '2026-06-11 12:00:00+03', '2026-06-11 12:00:00+03', '2026-06-11 12:00:00+03');
INSERT INTO public.company_request_roles (id, company_request_id, client_role_key, sort_order, role_name, notes) VALUES (8, 8, 'dev', 0, 'Developer', NULL);
INSERT INTO public.company_request_skills (id, company_request_role_id, sort_order, skill_name) VALUES (8, 8, 0, 'React');
INSERT INTO public.company_request_recommendation_runs (id, company_request_id, company_profile_id, algorithm_version, status, generated_at, completed_at, error_message) VALUES (4, 8, 4, 'v1-deterministic', 'completed', '2026-06-11 12:00:00+03', '2026-06-11 12:00:00+03', NULL);
INSERT INTO public.company_request_recommendations (id, run_id, company_request_id, student_profile_id, rank, score, score_breakdown_json, reason_summary, highlights_json, source, created_at) VALUES (10, 4, 8, 9, 1, 89, '{"skillMatch":85}', 'Strong fit.', '["Available"]', 'deterministic', '2026-06-11 12:00:00+03');
INSERT INTO public.company_request_recommendations (id, run_id, company_request_id, student_profile_id, rank, score, score_breakdown_json, reason_summary, highlights_json, source, created_at) VALUES (11, 4, 8, 10, 2, 88, '{"skillMatch":85}', 'Strong fit.', '["Available"]', 'deterministic', '2026-06-11 12:00:00+03');
INSERT INTO public.company_request_recommendations (id, run_id, company_request_id, student_profile_id, rank, score, score_breakdown_json, reason_summary, highlights_json, source, created_at) VALUES (12, 4, 8, 11, 3, 87, '{"skillMatch":85}', 'Strong fit.', '["Available"]', 'deterministic', '2026-06-11 12:00:00+03');
INSERT INTO public.company_requests (id, company_profile_id, request_type, status, wizard_step, title, description, category, category_choice, category_other, duration_ongoing, duration_value, duration_unit, duration_label, collaboration_format, scope_notes, matching_status, matched_at, created_at, updated_at, submitted_at) VALUES (9, 5, 'project', 'draft', 5, 'EduSpark Palestine Internship 9', 'Looking for student collaborators.', 'Software', 'Software', NULL, false, 3, 'months', '3 months', 'hybrid', NULL, NULL, NULL, '2026-06-11 12:00:00+03', '2026-06-11 12:00:00+03', NULL);
INSERT INTO public.company_request_roles (id, company_request_id, client_role_key, sort_order, role_name, notes) VALUES (9, 9, 'dev', 0, 'Developer', NULL);
INSERT INTO public.company_request_skills (id, company_request_role_id, sort_order, skill_name) VALUES (9, 9, 0, 'React');
INSERT INTO public.company_requests (id, company_profile_id, request_type, status, wizard_step, title, description, category, category_choice, category_other, duration_ongoing, duration_value, duration_unit, duration_label, collaboration_format, scope_notes, matching_status, matched_at, created_at, updated_at, submitted_at) VALUES (10, 5, 'project', 'published', 5, 'EduSpark Palestine Internship 10', 'Looking for student collaborators.', 'Software', 'Software', NULL, false, 3, 'months', '3 months', 'hybrid', NULL, NULL, NULL, '2026-06-11 12:00:00+03', '2026-06-11 12:00:00+03', '2026-06-11 12:00:00+03');
INSERT INTO public.company_request_roles (id, company_request_id, client_role_key, sort_order, role_name, notes) VALUES (10, 10, 'dev', 0, 'Developer', NULL);
INSERT INTO public.company_request_skills (id, company_request_role_id, sort_order, skill_name) VALUES (10, 10, 0, 'React');
INSERT INTO public.company_request_recommendation_runs (id, company_request_id, company_profile_id, algorithm_version, status, generated_at, completed_at, error_message) VALUES (5, 10, 5, 'v1-deterministic', 'completed', '2026-06-11 12:00:00+03', '2026-06-11 12:00:00+03', NULL);
INSERT INTO public.company_request_recommendations (id, run_id, company_request_id, student_profile_id, rank, score, score_breakdown_json, reason_summary, highlights_json, source, created_at) VALUES (13, 5, 10, 11, 1, 89, '{"skillMatch":85}', 'Strong fit.', '["Available"]', 'deterministic', '2026-06-11 12:00:00+03');
INSERT INTO public.company_request_recommendations (id, run_id, company_request_id, student_profile_id, rank, score, score_breakdown_json, reason_summary, highlights_json, source, created_at) VALUES (14, 5, 10, 12, 2, 88, '{"skillMatch":85}', 'Strong fit.', '["Available"]', 'deterministic', '2026-06-11 12:00:00+03');
INSERT INTO public.company_request_recommendations (id, run_id, company_request_id, student_profile_id, rank, score, score_breakdown_json, reason_summary, highlights_json, source, created_at) VALUES (15, 5, 10, 13, 3, 87, '{"skillMatch":85}', 'Strong fit.', '["Available"]', 'deterministic', '2026-06-11 12:00:00+03');
INSERT INTO public.company_requests (id, company_profile_id, request_type, status, wizard_step, title, description, category, category_choice, category_other, duration_ongoing, duration_value, duration_unit, duration_label, collaboration_format, scope_notes, matching_status, matched_at, created_at, updated_at, submitted_at) VALUES (11, 6, 'project', 'draft', 5, 'Palestine Telecom Software Internship 11', 'Looking for student collaborators.', 'Software', 'Software', NULL, false, 3, 'months', '3 months', 'hybrid', NULL, NULL, NULL, '2026-06-11 12:00:00+03', '2026-06-11 12:00:00+03', NULL);
INSERT INTO public.company_request_roles (id, company_request_id, client_role_key, sort_order, role_name, notes) VALUES (11, 11, 'dev', 0, 'Developer', NULL);
INSERT INTO public.company_request_skills (id, company_request_role_id, sort_order, skill_name) VALUES (11, 11, 0, 'React');
INSERT INTO public.company_requests (id, company_profile_id, request_type, status, wizard_step, title, description, category, category_choice, category_other, duration_ongoing, duration_value, duration_unit, duration_label, collaboration_format, scope_notes, matching_status, matched_at, created_at, updated_at, submitted_at) VALUES (12, 6, 'project', 'published', 5, 'Palestine Telecom Software Internship 12', 'Looking for student collaborators.', 'Software', 'Software', NULL, false, 3, 'months', '3 months', 'hybrid', NULL, NULL, NULL, '2026-06-11 12:00:00+03', '2026-06-11 12:00:00+03', '2026-06-11 12:00:00+03');
INSERT INTO public.company_request_roles (id, company_request_id, client_role_key, sort_order, role_name, notes) VALUES (12, 12, 'dev', 0, 'Developer', NULL);
INSERT INTO public.company_request_skills (id, company_request_role_id, sort_order, skill_name) VALUES (12, 12, 0, 'React');
INSERT INTO public.company_request_recommendation_runs (id, company_request_id, company_profile_id, algorithm_version, status, generated_at, completed_at, error_message) VALUES (6, 12, 6, 'v1-deterministic', 'completed', '2026-06-11 12:00:00+03', '2026-06-11 12:00:00+03', NULL);
INSERT INTO public.company_request_recommendations (id, run_id, company_request_id, student_profile_id, rank, score, score_breakdown_json, reason_summary, highlights_json, source, created_at) VALUES (16, 6, 12, 13, 1, 89, '{"skillMatch":85}', 'Strong fit.', '["Available"]', 'deterministic', '2026-06-11 12:00:00+03');
INSERT INTO public.company_request_recommendations (id, run_id, company_request_id, student_profile_id, rank, score, score_breakdown_json, reason_summary, highlights_json, source, created_at) VALUES (17, 6, 12, 14, 2, 88, '{"skillMatch":85}', 'Strong fit.', '["Available"]', 'deterministic', '2026-06-11 12:00:00+03');
INSERT INTO public.company_request_recommendations (id, run_id, company_request_id, student_profile_id, rank, score, score_breakdown_json, reason_summary, highlights_json, source, created_at) VALUES (18, 6, 12, 15, 3, 87, '{"skillMatch":85}', 'Strong fit.', '["Available"]', 'deterministic', '2026-06-11 12:00:00+03');
-- student_organization_events
INSERT INTO public.student_organization_events (id, organization_profile_id, title, description, event_type, category, location, is_online, event_date, registration_deadline, cover_image_url, max_participants, created_at, updated_at, is_published) VALUES (1, 1, 'IEEE An-Najah Student Branch Event 1', 'Campus event.', 'workshop', 'technical', 'Engineering Building', false, '2026-09-15 10:00:00+03', '2026-09-01 10:00:00+03', NULL, 50, '2026-06-11 12:00:00+03', NULL, true);
INSERT INTO public.student_organization_events (id, organization_profile_id, title, description, event_type, category, location, is_online, event_date, registration_deadline, cover_image_url, max_participants, created_at, updated_at, is_published) VALUES (2, 1, 'IEEE An-Najah Student Branch Event 2', 'Campus event.', 'workshop', 'technical', 'Engineering Building', false, '2026-09-15 10:00:00+03', '2026-09-01 10:00:00+03', NULL, 50, '2026-06-11 12:00:00+03', NULL, true);
INSERT INTO public.student_organization_team_members (id, organization_profile_id, full_name, role_title, major, image_url, linkedin_url, display_order, created_at, updated_at, source_application_id, student_profile_id) VALUES (1, 1, 'Mohammad Hammad', 'President', 'Software Engineering', NULL, NULL, 0, '2026-06-11 12:00:00+03', NULL, NULL, 1);
INSERT INTO public.student_organization_members (id, organization_profile_id, student_profile_id, source_application_id, role_title, accepted_at, membership_kind, team_member_id) VALUES (1, 1, 4, NULL, 'Active Member', '2026-06-11 12:00:00+03', 'Member', NULL);
INSERT INTO public.student_organization_members (id, organization_profile_id, student_profile_id, source_application_id, role_title, accepted_at, membership_kind, team_member_id) VALUES (2, 1, 5, NULL, 'Active Member', '2026-06-11 12:00:00+03', 'Member', NULL);
INSERT INTO public.student_organization_members (id, organization_profile_id, student_profile_id, source_application_id, role_title, accepted_at, membership_kind, team_member_id) VALUES (3, 1, 6, NULL, 'Active Member', '2026-06-11 12:00:00+03', 'Member', NULL);
INSERT INTO public.student_organization_events (id, organization_profile_id, title, description, event_type, category, location, is_online, event_date, registration_deadline, cover_image_url, max_participants, created_at, updated_at, is_published) VALUES (3, 2, 'ACM An-Najah Student Chapter Event 1', 'Campus event.', 'workshop', 'technical', 'Engineering Building', false, '2026-09-15 10:00:00+03', '2026-09-01 10:00:00+03', NULL, 50, '2026-06-11 12:00:00+03', NULL, true);
INSERT INTO public.student_organization_events (id, organization_profile_id, title, description, event_type, category, location, is_online, event_date, registration_deadline, cover_image_url, max_participants, created_at, updated_at, is_published) VALUES (4, 2, 'ACM An-Najah Student Chapter Event 2', 'Campus event.', 'workshop', 'technical', 'Engineering Building', false, '2026-09-15 10:00:00+03', '2026-09-01 10:00:00+03', NULL, 50, '2026-06-11 12:00:00+03', NULL, true);
INSERT INTO public.student_organization_team_members (id, organization_profile_id, full_name, role_title, major, image_url, linkedin_url, display_order, created_at, updated_at, source_application_id, student_profile_id) VALUES (2, 2, 'Maya Anton', 'President', 'Software Engineering', NULL, NULL, 0, '2026-06-11 12:00:00+03', NULL, NULL, 4);
INSERT INTO public.student_organization_members (id, organization_profile_id, student_profile_id, source_application_id, role_title, accepted_at, membership_kind, team_member_id) VALUES (4, 2, 7, NULL, 'Active Member', '2026-06-11 12:00:00+03', 'Member', NULL);
INSERT INTO public.student_organization_members (id, organization_profile_id, student_profile_id, source_application_id, role_title, accepted_at, membership_kind, team_member_id) VALUES (5, 2, 8, NULL, 'Active Member', '2026-06-11 12:00:00+03', 'Member', NULL);
INSERT INTO public.student_organization_members (id, organization_profile_id, student_profile_id, source_application_id, role_title, accepted_at, membership_kind, team_member_id) VALUES (6, 2, 9, NULL, 'Active Member', '2026-06-11 12:00:00+03', 'Member', NULL);
INSERT INTO public.student_organization_events (id, organization_profile_id, title, description, event_type, category, location, is_online, event_date, registration_deadline, cover_image_url, max_participants, created_at, updated_at, is_published) VALUES (5, 3, 'Google Developer Student Club An-Najah Event 1', 'Campus event.', 'workshop', 'technical', 'Engineering Building', false, '2026-09-15 10:00:00+03', '2026-09-01 10:00:00+03', NULL, 50, '2026-06-11 12:00:00+03', NULL, true);
INSERT INTO public.student_organization_events (id, organization_profile_id, title, description, event_type, category, location, is_online, event_date, registration_deadline, cover_image_url, max_participants, created_at, updated_at, is_published) VALUES (6, 3, 'Google Developer Student Club An-Najah Event 2', 'Campus event.', 'workshop', 'technical', 'Engineering Building', false, '2026-09-15 10:00:00+03', '2026-09-01 10:00:00+03', NULL, 50, '2026-06-11 12:00:00+03', NULL, true);
INSERT INTO public.student_organization_team_members (id, organization_profile_id, full_name, role_title, major, image_url, linkedin_url, display_order, created_at, updated_at, source_application_id, student_profile_id) VALUES (3, 3, 'Tala Sabbah', 'President', 'Computer Engineering', NULL, NULL, 0, '2026-06-11 12:00:00+03', NULL, NULL, 7);
INSERT INTO public.student_organization_members (id, organization_profile_id, student_profile_id, source_application_id, role_title, accepted_at, membership_kind, team_member_id) VALUES (7, 3, 10, NULL, 'Active Member', '2026-06-11 12:00:00+03', 'Member', NULL);
INSERT INTO public.student_organization_members (id, organization_profile_id, student_profile_id, source_application_id, role_title, accepted_at, membership_kind, team_member_id) VALUES (8, 3, 11, NULL, 'Active Member', '2026-06-11 12:00:00+03', 'Member', NULL);
INSERT INTO public.student_organization_members (id, organization_profile_id, student_profile_id, source_application_id, role_title, accepted_at, membership_kind, team_member_id) VALUES (9, 3, 12, NULL, 'Active Member', '2026-06-11 12:00:00+03', 'Member', NULL);
INSERT INTO public.student_organization_events (id, organization_profile_id, title, description, event_type, category, location, is_online, event_date, registration_deadline, cover_image_url, max_participants, created_at, updated_at, is_published) VALUES (7, 4, 'Cyber Security Club - An-Najah Event 1', 'Campus event.', 'workshop', 'technical', 'Engineering Building', false, '2026-09-15 10:00:00+03', '2026-09-01 10:00:00+03', NULL, 50, '2026-06-11 12:00:00+03', NULL, true);
INSERT INTO public.student_organization_events (id, organization_profile_id, title, description, event_type, category, location, is_online, event_date, registration_deadline, cover_image_url, max_participants, created_at, updated_at, is_published) VALUES (8, 4, 'Cyber Security Club - An-Najah Event 2', 'Campus event.', 'workshop', 'technical', 'Engineering Building', false, '2026-09-15 10:00:00+03', '2026-09-01 10:00:00+03', NULL, 50, '2026-06-11 12:00:00+03', NULL, true);
INSERT INTO public.student_organization_team_members (id, organization_profile_id, full_name, role_title, major, image_url, linkedin_url, display_order, created_at, updated_at, source_application_id, student_profile_id) VALUES (4, 4, 'Sami Masri', 'President', 'Computer Science', NULL, NULL, 0, '2026-06-11 12:00:00+03', NULL, NULL, 10);
INSERT INTO public.student_organization_members (id, organization_profile_id, student_profile_id, source_application_id, role_title, accepted_at, membership_kind, team_member_id) VALUES (10, 4, 13, NULL, 'Active Member', '2026-06-11 12:00:00+03', 'Member', NULL);
INSERT INTO public.student_organization_members (id, organization_profile_id, student_profile_id, source_application_id, role_title, accepted_at, membership_kind, team_member_id) VALUES (11, 4, 14, NULL, 'Active Member', '2026-06-11 12:00:00+03', 'Member', NULL);
INSERT INTO public.student_organization_members (id, organization_profile_id, student_profile_id, source_application_id, role_title, accepted_at, membership_kind, team_member_id) VALUES (12, 4, 15, NULL, 'Active Member', '2026-06-11 12:00:00+03', 'Member', NULL);
INSERT INTO public.student_organization_events (id, organization_profile_id, title, description, event_type, category, location, is_online, event_date, registration_deadline, cover_image_url, max_participants, created_at, updated_at, is_published) VALUES (9, 5, 'Robotics Club - An-Najah Event 1', 'Campus event.', 'workshop', 'technical', 'Engineering Building', false, '2026-09-15 10:00:00+03', '2026-09-01 10:00:00+03', NULL, 50, '2026-06-11 12:00:00+03', NULL, true);
INSERT INTO public.student_organization_events (id, organization_profile_id, title, description, event_type, category, location, is_online, event_date, registration_deadline, cover_image_url, max_participants, created_at, updated_at, is_published) VALUES (10, 5, 'Robotics Club - An-Najah Event 2', 'Campus event.', 'workshop', 'technical', 'Engineering Building', false, '2026-09-15 10:00:00+03', '2026-09-01 10:00:00+03', NULL, 50, '2026-06-11 12:00:00+03', NULL, true);
INSERT INTO public.student_organization_team_members (id, organization_profile_id, full_name, role_title, major, image_url, linkedin_url, display_order, created_at, updated_at, source_application_id, student_profile_id) VALUES (5, 5, 'Fadi Qasrawi', 'President', 'Information Technology', NULL, NULL, 0, '2026-06-11 12:00:00+03', NULL, NULL, 13);
INSERT INTO public.student_organization_members (id, organization_profile_id, student_profile_id, source_application_id, role_title, accepted_at, membership_kind, team_member_id) VALUES (13, 5, 16, NULL, 'Active Member', '2026-06-11 12:00:00+03', 'Member', NULL);
INSERT INTO public.student_organization_members (id, organization_profile_id, student_profile_id, source_application_id, role_title, accepted_at, membership_kind, team_member_id) VALUES (14, 5, 17, NULL, 'Active Member', '2026-06-11 12:00:00+03', 'Member', NULL);
INSERT INTO public.student_organization_members (id, organization_profile_id, student_profile_id, source_application_id, role_title, accepted_at, membership_kind, team_member_id) VALUES (15, 5, 18, NULL, 'Active Member', '2026-06-11 12:00:00+03', 'Member', NULL);
-- recruitment
INSERT INTO public.student_organization_recruitment_campaigns (id, organization_profile_id, title, description, application_deadline, cover_image_url, is_published, created_at, updated_at) VALUES (1, 1, 'Fall Recruitment', 'Join our team.', '2026-09-30 00:00:00+03', NULL, true, '2026-06-11 12:00:00+03', NULL);
INSERT INTO public.student_organization_recruitment_positions (id, campaign_id, role_title, needed_count, description, requirements, required_skills, display_order) VALUES (1, 1, 'Member', 5, 'General member role.', NULL, NULL, 0);
INSERT INTO public.student_organization_recruitment_questions (id, campaign_id, question_title, question_type, placeholder, is_required, options, display_order, created_at, help_text, position_id) VALUES (1, 1, 'Why do you want to join?', 'text', NULL, true, NULL, 0, '2026-06-11 12:00:00+03', NULL, 1);
INSERT INTO public.student_organization_recruitment_applications (id, student_profile_id, organization_profile_id, campaign_id, position_id, status, submitted_at, updated_at, accepted_at) VALUES (1, 4, 1, 1, 1, 'submitted', '2026-06-11 12:00:00+03', NULL, NULL);
INSERT INTO public.student_organization_recruitment_application_answers (id, application_id, question_id, answer_value) VALUES (1, 1, 1, 'Passionate about the mission.');
INSERT INTO public.student_organization_recruitment_campaigns (id, organization_profile_id, title, description, application_deadline, cover_image_url, is_published, created_at, updated_at) VALUES (2, 2, 'Fall Recruitment', 'Join our team.', '2026-09-30 00:00:00+03', NULL, true, '2026-06-11 12:00:00+03', NULL);
INSERT INTO public.student_organization_recruitment_positions (id, campaign_id, role_title, needed_count, description, requirements, required_skills, display_order) VALUES (2, 2, 'Member', 5, 'General member role.', NULL, NULL, 0);
INSERT INTO public.student_organization_recruitment_questions (id, campaign_id, question_title, question_type, placeholder, is_required, options, display_order, created_at, help_text, position_id) VALUES (2, 2, 'Why do you want to join?', 'text', NULL, true, NULL, 0, '2026-06-11 12:00:00+03', NULL, 2);
INSERT INTO public.student_organization_recruitment_applications (id, student_profile_id, organization_profile_id, campaign_id, position_id, status, submitted_at, updated_at, accepted_at) VALUES (2, 5, 2, 2, 2, 'submitted', '2026-06-11 12:00:00+03', NULL, NULL);
INSERT INTO public.student_organization_recruitment_application_answers (id, application_id, question_id, answer_value) VALUES (2, 2, 2, 'Passionate about the mission.');
INSERT INTO public.student_organization_recruitment_campaigns (id, organization_profile_id, title, description, application_deadline, cover_image_url, is_published, created_at, updated_at) VALUES (3, 3, 'Fall Recruitment', 'Join our team.', '2026-09-30 00:00:00+03', NULL, true, '2026-06-11 12:00:00+03', NULL);
INSERT INTO public.student_organization_recruitment_positions (id, campaign_id, role_title, needed_count, description, requirements, required_skills, display_order) VALUES (3, 3, 'Member', 5, 'General member role.', NULL, NULL, 0);
INSERT INTO public.student_organization_recruitment_questions (id, campaign_id, question_title, question_type, placeholder, is_required, options, display_order, created_at, help_text, position_id) VALUES (3, 3, 'Why do you want to join?', 'text', NULL, true, NULL, 0, '2026-06-11 12:00:00+03', NULL, 3);
INSERT INTO public.student_organization_recruitment_applications (id, student_profile_id, organization_profile_id, campaign_id, position_id, status, submitted_at, updated_at, accepted_at) VALUES (3, 6, 3, 3, 3, 'submitted', '2026-06-11 12:00:00+03', NULL, NULL);
INSERT INTO public.student_organization_recruitment_application_answers (id, application_id, question_id, answer_value) VALUES (3, 3, 3, 'Passionate about the mission.');
INSERT INTO public.student_organization_recruitment_campaigns (id, organization_profile_id, title, description, application_deadline, cover_image_url, is_published, created_at, updated_at) VALUES (4, 4, 'Fall Recruitment', 'Join our team.', '2026-09-30 00:00:00+03', NULL, true, '2026-06-11 12:00:00+03', NULL);
INSERT INTO public.student_organization_recruitment_positions (id, campaign_id, role_title, needed_count, description, requirements, required_skills, display_order) VALUES (4, 4, 'Member', 5, 'General member role.', NULL, NULL, 0);
INSERT INTO public.student_organization_recruitment_questions (id, campaign_id, question_title, question_type, placeholder, is_required, options, display_order, created_at, help_text, position_id) VALUES (4, 4, 'Why do you want to join?', 'text', NULL, true, NULL, 0, '2026-06-11 12:00:00+03', NULL, 4);
INSERT INTO public.student_organization_recruitment_applications (id, student_profile_id, organization_profile_id, campaign_id, position_id, status, submitted_at, updated_at, accepted_at) VALUES (4, 7, 4, 4, 4, 'submitted', '2026-06-11 12:00:00+03', NULL, NULL);
INSERT INTO public.student_organization_recruitment_application_answers (id, application_id, question_id, answer_value) VALUES (4, 4, 4, 'Passionate about the mission.');
INSERT INTO public.student_organization_recruitment_campaigns (id, organization_profile_id, title, description, application_deadline, cover_image_url, is_published, created_at, updated_at) VALUES (5, 5, 'Fall Recruitment', 'Join our team.', '2026-09-30 00:00:00+03', NULL, true, '2026-06-11 12:00:00+03', NULL);
INSERT INTO public.student_organization_recruitment_positions (id, campaign_id, role_title, needed_count, description, requirements, required_skills, display_order) VALUES (5, 5, 'Member', 5, 'General member role.', NULL, NULL, 0);
INSERT INTO public.student_organization_recruitment_questions (id, campaign_id, question_title, question_type, placeholder, is_required, options, display_order, created_at, help_text, position_id) VALUES (5, 5, 'Why do you want to join?', 'text', NULL, true, NULL, 0, '2026-06-11 12:00:00+03', NULL, 5);
INSERT INTO public.student_organization_recruitment_applications (id, student_profile_id, organization_profile_id, campaign_id, position_id, status, submitted_at, updated_at, accepted_at) VALUES (5, 8, 5, 5, 5, 'submitted', '2026-06-11 12:00:00+03', NULL, NULL);
INSERT INTO public.student_organization_recruitment_application_answers (id, application_id, question_id, answer_value) VALUES (5, 5, 5, 'Passionate about the mission.');
-- conversations
INSERT INTO public.conversations ("Id", "CreatedAt", "CourseTeamId", "Title") VALUES (1, '2026-06-11 12:00:00+03', NULL, 'Direct chat 1');
INSERT INTO public.conversation_users ("Id", "ConversationId", "UserId") VALUES (1, 1, 2);
INSERT INTO public.conversation_users ("Id", "ConversationId", "UserId") VALUES (2, 1, 3);
INSERT INTO public.messages ("Id", "ConversationId", "SenderId", "Text", "CreatedAt", "Edited", "Deleted", "Seen") VALUES (1, 1, 2, 'Hello - are you free to meet this week?', '2026-06-11 12:00:00+03', false, false, false);
INSERT INTO public.conversations ("Id", "CreatedAt", "CourseTeamId", "Title") VALUES (2, '2026-06-11 12:00:00+03', NULL, 'Direct chat 2');
INSERT INTO public.conversation_users ("Id", "ConversationId", "UserId") VALUES (3, 2, 3);
INSERT INTO public.conversation_users ("Id", "ConversationId", "UserId") VALUES (4, 2, 4);
INSERT INTO public.messages ("Id", "ConversationId", "SenderId", "Text", "CreatedAt", "Edited", "Deleted", "Seen") VALUES (2, 2, 3, 'Hello - are you free to meet this week?', '2026-06-11 12:00:00+03', false, false, false);
INSERT INTO public.conversations ("Id", "CreatedAt", "CourseTeamId", "Title") VALUES (3, '2026-06-11 12:00:00+03', NULL, 'Direct chat 3');
INSERT INTO public.conversation_users ("Id", "ConversationId", "UserId") VALUES (5, 3, 4);
INSERT INTO public.conversation_users ("Id", "ConversationId", "UserId") VALUES (6, 3, 5);
INSERT INTO public.messages ("Id", "ConversationId", "SenderId", "Text", "CreatedAt", "Edited", "Deleted", "Seen") VALUES (3, 3, 4, 'Hello - are you free to meet this week?', '2026-06-11 12:00:00+03', false, false, false);
INSERT INTO public.conversations ("Id", "CreatedAt", "CourseTeamId", "Title") VALUES (4, '2026-06-11 12:00:00+03', NULL, 'Direct chat 4');
INSERT INTO public.conversation_users ("Id", "ConversationId", "UserId") VALUES (7, 4, 5);
INSERT INTO public.conversation_users ("Id", "ConversationId", "UserId") VALUES (8, 4, 6);
INSERT INTO public.messages ("Id", "ConversationId", "SenderId", "Text", "CreatedAt", "Edited", "Deleted", "Seen") VALUES (4, 4, 5, 'Hello - are you free to meet this week?', '2026-06-11 12:00:00+03', false, false, false);
INSERT INTO public.conversations ("Id", "CreatedAt", "CourseTeamId", "Title") VALUES (5, '2026-06-11 12:00:00+03', NULL, 'Direct chat 5');
INSERT INTO public.conversation_users ("Id", "ConversationId", "UserId") VALUES (9, 5, 6);
INSERT INTO public.conversation_users ("Id", "ConversationId", "UserId") VALUES (10, 5, 7);
INSERT INTO public.messages ("Id", "ConversationId", "SenderId", "Text", "CreatedAt", "Edited", "Deleted", "Seen") VALUES (5, 5, 6, 'Hello - are you free to meet this week?', '2026-06-11 12:00:00+03', false, false, false);
INSERT INTO public.conversations ("Id", "CreatedAt", "CourseTeamId", "Title") VALUES (6, '2026-06-11 12:00:00+03', NULL, 'Direct chat 6');
INSERT INTO public.conversation_users ("Id", "ConversationId", "UserId") VALUES (11, 6, 7);
INSERT INTO public.conversation_users ("Id", "ConversationId", "UserId") VALUES (12, 6, 8);
INSERT INTO public.messages ("Id", "ConversationId", "SenderId", "Text", "CreatedAt", "Edited", "Deleted", "Seen") VALUES (6, 6, 7, 'Hello - are you free to meet this week?', '2026-06-11 12:00:00+03', false, false, false);
INSERT INTO public.conversations ("Id", "CreatedAt", "CourseTeamId", "Title") VALUES (7, '2026-06-11 12:00:00+03', NULL, 'Direct chat 7');
INSERT INTO public.conversation_users ("Id", "ConversationId", "UserId") VALUES (13, 7, 8);
INSERT INTO public.conversation_users ("Id", "ConversationId", "UserId") VALUES (14, 7, 9);
INSERT INTO public.messages ("Id", "ConversationId", "SenderId", "Text", "CreatedAt", "Edited", "Deleted", "Seen") VALUES (7, 7, 8, 'Hello - are you free to meet this week?', '2026-06-11 12:00:00+03', false, false, false);
INSERT INTO public.conversations ("Id", "CreatedAt", "CourseTeamId", "Title") VALUES (8, '2026-06-11 12:00:00+03', NULL, 'Direct chat 8');
INSERT INTO public.conversation_users ("Id", "ConversationId", "UserId") VALUES (15, 8, 9);
INSERT INTO public.conversation_users ("Id", "ConversationId", "UserId") VALUES (16, 8, 10);
INSERT INTO public.messages ("Id", "ConversationId", "SenderId", "Text", "CreatedAt", "Edited", "Deleted", "Seen") VALUES (8, 8, 9, 'Hello - are you free to meet this week?', '2026-06-11 12:00:00+03', false, false, false);
INSERT INTO public.conversations ("Id", "CreatedAt", "CourseTeamId", "Title") VALUES (9, '2026-06-11 12:00:00+03', NULL, 'Direct chat 9');
INSERT INTO public.conversation_users ("Id", "ConversationId", "UserId") VALUES (17, 9, 10);
INSERT INTO public.conversation_users ("Id", "ConversationId", "UserId") VALUES (18, 9, 11);
INSERT INTO public.messages ("Id", "ConversationId", "SenderId", "Text", "CreatedAt", "Edited", "Deleted", "Seen") VALUES (9, 9, 10, 'Hello - are you free to meet this week?', '2026-06-11 12:00:00+03', false, false, false);
INSERT INTO public.conversations ("Id", "CreatedAt", "CourseTeamId", "Title") VALUES (10, '2026-06-11 12:00:00+03', NULL, 'Direct chat 10');
INSERT INTO public.conversation_users ("Id", "ConversationId", "UserId") VALUES (19, 10, 11);
INSERT INTO public.conversation_users ("Id", "ConversationId", "UserId") VALUES (20, 10, 12);
INSERT INTO public.messages ("Id", "ConversationId", "SenderId", "Text", "CreatedAt", "Edited", "Deleted", "Seen") VALUES (10, 10, 11, 'Hello - are you free to meet this week?', '2026-06-11 12:00:00+03', false, false, false);
-- follows and posts
INSERT INTO public.company_follows (id, company_profile_id, student_profile_id, followed_at) VALUES (1, 1, 1, '2026-06-11 12:00:00+03');
INSERT INTO public.organization_follows (id, organization_profile_id, student_profile_id, followed_at) VALUES (1, 1, 2, '2026-06-11 12:00:00+03');
INSERT INTO public.student_posts (id, user_id, content, attachment_url, attachment_type, created_at, updated_at) VALUES (1, 2, 'Looking for GP teammates with backend experience.', NULL, NULL, '2026-06-11 12:00:00+03', '2026-06-11 12:00:00+03');
INSERT INTO public.doctor_posts (id, user_id, content, attachment_url, attachment_type, created_at, updated_at) VALUES (1, 47, 'Office hours updated for capstone consultations.', NULL, NULL, '2026-06-11 12:00:00+03', '2026-06-11 12:00:00+03');
INSERT INTO public.user_notifications (id, user_id, category, event_type, project_id, title, body, dedup_key, created_at, read_at) VALUES (1, 2, 'project', 'invitation_received', 1, 'Project invitation', 'You received a project invitation.', 'proj:inv:1', '2026-06-11 12:00:00+03', NULL);

SELECT pg_catalog.setval('public.users_id_seq', 75, true);
SELECT pg_catalog.setval('public.doctor_profiles_id_seq', 12, true);
SELECT pg_catalog.setval('public."messages_Id_seq"', 10, true);
SELECT pg_catalog.setval('public.skills_id_seq', 50, true);
SELECT pg_catalog.setval('public.student_association_profiles_id_seq', 5, true);
SELECT pg_catalog.setval('public.graduation_projects_id_seq', 20, true);
SELECT pg_catalog.setval('public.company_request_recommendations_id_seq', 18, true);
SELECT pg_catalog.setval('public."conversations_Id_seq"', 10, true);
SELECT pg_catalog.setval('public.student_organization_events_id_seq', 10, true);
SELECT pg_catalog.setval('public.student_profiles_id_seq', 45, true);
SELECT pg_catalog.setval('public.student_skills_id_seq', 89, true);
SELECT pg_catalog.setval('public.company_requests_id_seq', 12, true);
SELECT pg_catalog.setval('public.company_profiles_id_seq', 6, true);
SELECT pg_catalog.setval('public."section_enrollments_Id_seq"', 160, true);
COMMIT;